{
"type": "FeatureCollection",
"name": "water-polygons",
"features": [
{"type":"Feature","properties":{"natural":"water","water":"river"},"geometry":{"type":"MultiPolygon","coordinates":[[[[19.777438684367059,45.217267391393825],[19.7785396,45.2172354],[19.7802065,45.2173842],[19.7815051,45.2176996],[19.7821571,45.2178219],[19.7826901,45.2178464],[19.7836445,45.2180868],[19.7843168,45.2180868],[19.7852948,45.2180868],[19.7866279,45.218487],[19.7872697,45.2174487],[19.7867095,45.2176234],[19.7859482,45.2177155],[19.7843587,45.2175693],[19.783044,45.2173826],[19.7820196,45.2171669],[19.7810802,45.2169888],[19.7798501,45.2168545],[19.7783851,45.2167762],[19.7777006,45.2167359],[19.777155443668704,45.216703856945884],[19.777438684367059,45.217267391393825]]]]}},
{"type":"Feature","properties":{"natural":"water","water":"river"},"geometry":{"type":"MultiPolygon","coordinates":[[[[19.6734576,45.2236069],[19.6734542,45.2236067],[19.6725159,45.2235761],[19.6725148,45.2235762],[19.6707214,45.2236452],[19.6673343,45.2240224],[19.6673314,45.2240222],[19.6663994,45.2239755],[19.6628213,45.2232659],[19.6603717,45.222924],[19.6563075,45.2225305],[19.6525373,45.2222535],[19.6494215,45.2220894],[19.644843,45.2217506],[19.6448392,45.2217505],[19.6423506,45.2217155],[19.6412409,45.2215817],[19.6381003,45.2214993],[19.6380987,45.2214993],[19.6325244,45.2215495],[19.6325241,45.2215494],[19.631301,45.2212739],[19.6287972,45.2209216],[19.628855,45.2206901],[19.6288514,45.2206895],[19.6215925,45.2195101],[19.6159336,45.217748],[19.610681508372071,45.216148492517164],[19.609844,45.2179883],[19.6158093,45.2202238],[19.616003,45.2204271],[19.6164831,45.220395],[19.6165602,45.2204224],[19.6166104,45.2204427],[19.6174492,45.2206232],[19.6175755,45.2206802],[19.6177859,45.2207752],[19.6205,45.222],[19.6213621,45.2222313],[19.63075,45.22475],[19.6324771,45.2256567],[19.63425,45.227],[19.63925,45.23125],[19.64125,45.23225],[19.64425,45.23325],[19.6466014,45.2336546],[19.6495,45.234],[19.6521472,45.2347746],[19.65326,45.2350547],[19.6543766,45.2350532],[19.65525,45.23525],[19.6560624,45.2351759],[19.6564855,45.2348897],[19.66125,45.2335],[19.6635465,45.232689],[19.6645286,45.2322676],[19.6654034,45.2317857],[19.6654433,45.2317687],[19.6656121,45.2316968],[19.6658042,45.2315822],[19.6659883,45.2314647],[19.6660806,45.2314046],[19.666173,45.2313359],[19.6663202,45.2312514],[19.666402,45.2312421],[19.6664469,45.231284],[19.6664678,45.2313103],[19.6664938,45.2313121],[19.6665366,45.2312657],[19.6666208,45.2311564],[19.6666929,45.2310212],[19.6666755,45.2309763],[19.6666866,45.2309342],[19.6667255,45.2309082],[19.6668051,45.2308964],[19.6669012,45.2309073],[19.6669755,45.2308775],[19.667142,45.2307148],[19.6672707,45.2305457],[19.6674317,45.2303932],[19.6674865,45.230378],[19.6675249,45.2303627],[19.6675856,45.2303094],[19.6676361,45.2302275],[19.667639,45.2301808],[19.667654,45.230137],[19.6678311,45.2298831],[19.6678973,45.2298064],[19.6679211,45.2297947],[19.6679482,45.2297929],[19.6679659,45.2297829],[19.6680183,45.2297279],[19.6680908,45.2296948],[19.6681876,45.2296675],[19.66875,45.229],[19.6693561,45.2279581],[19.6694693,45.2278982],[19.6696081,45.2278269],[19.6698119,45.2277561],[19.6699495,45.2276853],[19.6699963,45.2276375],[19.670183,45.2274688],[19.6703153,45.2273673],[19.6704439,45.2272617],[19.6704864,45.2272355],[19.6705552,45.2271881],[19.6705885,45.2271519],[19.6706565,45.227121],[19.672,45.2267947],[19.6727902,45.2267918],[19.6735591,45.2268239],[19.6744184,45.2268824],[19.6751967,45.226929],[19.674754877332781,45.223417061089478],[19.6734576,45.2236069]],[[19.6334898,45.223778],[19.6339869,45.223693],[19.6393424,45.2230317],[19.6454664,45.2231224],[19.6514648,45.22339],[19.6519817,45.2233189],[19.6582869,45.2241695],[19.6620034,45.2248147],[19.664002,45.2251616],[19.6651939,45.2251356],[19.6678708,45.2254131],[19.6688566,45.2256622],[19.6695748,45.2254211],[19.6702082,45.2254455],[19.67123,45.225768],[19.6701559,45.2264355],[19.6687956,45.227314],[19.667396,45.2290359],[19.6662948,45.2299383],[19.6648411,45.2308544],[19.6623531,45.2319248],[19.6593169,45.2328848],[19.6542821,45.2338869],[19.6525223,45.2336529],[19.6510164,45.2334204],[19.6476233,45.2328337],[19.6442994,45.2319304],[19.6420418,45.2310036],[19.6385367,45.229105],[19.6357375,45.2260725],[19.6334049,45.2244396],[19.6330681,45.223969],[19.6334898,45.223778]]]]}},
{"type":"Feature","properties":{"natural":"water","water":"river"},"geometry":{"type":"MultiPolygon","coordinates":[[[[20.0604436,45.168357],[20.0546497,45.1675951],[20.0519018,45.1675648],[20.0482393,45.1676915],[20.0431357,45.1686198],[20.036,45.1702188],[20.0311364,45.1702412],[20.0277432,45.170927],[20.029083,45.1733954],[20.029286,45.1737701],[20.0295228,45.1740818],[20.0297636,45.1743664],[20.029867483446452,45.174462733434446],[20.0300615,45.1742948],[20.0302114,45.1740298],[20.031106,45.1738762],[20.0339247,45.1729748],[20.0356705,45.1727224],[20.0383629,45.172512],[20.0404032,45.1720703],[20.0417915,45.1716496],[20.0440632,45.171292],[20.046356,45.1710817],[20.0504787,45.1707451],[20.0540335,45.1707031],[20.0570414,45.1707031],[20.0601125,45.1709555],[20.0620056,45.17125],[20.064155,45.171438],[20.06404406368619,45.168971377093058],[20.0604436,45.168357]]]]}},
{"type":"Feature","properties":{"natural":"water","water":"river"},"geometry":{"type":"MultiPolygon","coordinates":[[[[20.0861089,45.1719512],[20.0859962,45.1697224],[20.081792,45.1696779],[20.0793563,45.1697592],[20.0774273,45.1697837],[20.0735968,45.1697873],[20.0682531,45.1696896],[20.06404406368619,45.168971377093058],[20.064155,45.171438],[20.0670564,45.1719933],[20.070005,45.1720293],[20.0717309,45.1719933],[20.0730614,45.1721371],[20.0740323,45.1723889],[20.0753268,45.1723529],[20.0764055,45.1719214],[20.0773045,45.1717057],[20.0786709,45.1715618],[20.078843,45.1715743],[20.0797137,45.1716375],[20.0808283,45.1717057],[20.0843522,45.1719933],[20.086140594295305,45.172017495646067],[20.0861089,45.1719512]]]]}},
{"type":"Feature","properties":{"name":"Шодрош","name:en":"Šodroš","name:sr":"Шодрош","name:sr-Latn":"Šodroš","natural":"water","water":"river"},"geometry":{"type":"MultiPolygon","coordinates":[[[[19.8062522,45.2277385],[19.8063207,45.2278206],[19.8080007,45.2281317],[19.8097117,45.2284739],[19.8112362,45.2290339],[19.8126361,45.2291894],[19.8140672,45.2292828],[19.8153739,45.2296561],[19.8167427,45.2301228],[19.8183916,45.2305272],[19.8195427,45.2307761],[19.8203069,45.2305358],[19.8207635,45.2305788],[19.821596,45.2309005],[19.8221249,45.2312124],[19.82309,45.2314756],[19.8231799,45.2314604],[19.8233273,45.2314602],[19.8234877,45.2315002],[19.8237133,45.2315984],[19.823883,45.231652],[19.8241941,45.2316995],[19.8243592,45.2317505],[19.8244749,45.2317766],[19.8245618,45.2317807],[19.8246748,45.2317911],[19.8247597,45.2317913],[19.8248285,45.2317913],[19.8249311,45.231791],[19.8250218,45.2317859],[19.8251008,45.2317902],[19.8251971,45.2317937],[19.8252867,45.2317804],[19.825371,45.2317632],[19.8254179,45.2317425],[19.825461,45.2316983],[19.825513,45.2316015],[19.8255316,45.2315282],[19.825552,45.2314654],[19.825565,45.2314196],[19.8255966,45.2313829],[19.8256524,45.231379],[19.8257081,45.2313947],[19.8258066,45.2314301],[19.8259032,45.2314523],[19.8260239,45.231473],[19.8261132,45.2314732],[19.826234,45.2314667],[19.8263251,45.2314392],[19.8264068,45.2314052],[19.8264533,45.2313633],[19.8265146,45.2313267],[19.8265658,45.2312906],[19.826654,45.2312416],[19.8267265,45.2311762],[19.8267748,45.2310963],[19.8268008,45.2310073],[19.8268231,45.230972],[19.826877,45.2309484],[19.8269309,45.2309301],[19.8269736,45.2309026],[19.8270108,45.2308634],[19.827056,45.2308102],[19.827109,45.2307649],[19.8271264,45.230729],[19.8271425,45.2306794],[19.8271251,45.230627],[19.8271278,45.2305684],[19.8271324,45.2305287],[19.8271331,45.2304792],[19.8271559,45.2304376],[19.8271385,45.2303866],[19.827105,45.2303441],[19.8270862,45.2303063],[19.8270687,45.2302572],[19.8270312,45.2301996],[19.8270218,45.2301552],[19.8270352,45.2301146],[19.8270419,45.2300683],[19.8270661,45.2300239],[19.827113,45.2300048],[19.8271669,45.2299813],[19.8272059,45.2299446],[19.8272534,45.2298828],[19.827284,45.2298438],[19.827323,45.2297928],[19.8273509,45.2297614],[19.8274039,45.2297228],[19.8274642,45.2296776],[19.827533,45.2296174],[19.8275925,45.2295559],[19.8276389,45.2295062],[19.827689,45.2294559],[19.8277114,45.2294303],[19.8277672,45.2293923],[19.8278489,45.2293544],[19.8278917,45.2293177],[19.8279809,45.2292536],[19.8281314,45.2291816],[19.8282671,45.2291253],[19.8284254,45.2290909],[19.828793,45.2290376],[19.8291012,45.2290033],[19.8293653,45.2289866],[19.8298454,45.2289103],[19.8304427,45.2288864],[19.8309647,45.2287899],[19.8314384,45.2286482],[19.8315369,45.2286036],[19.8316021,45.2285651],[19.8316631,45.2285013],[19.8316747,45.228465],[19.8317053,45.228443],[19.8317638,45.228438],[19.8317071,45.2283902],[19.8316439,45.2284046],[19.8315777,45.2283947],[19.8315472,45.228367],[19.8315001,45.2283445],[19.8313798,45.2283306],[19.8304625,45.2283495],[19.830213,45.2283608],[19.8297781,45.2283806],[19.8294212,45.2284647],[19.8289381,45.2285983],[19.8281658,45.2285537],[19.8275539,45.22859],[19.8274137,45.2285983],[19.8269781,45.2288472],[19.8267603,45.2291272],[19.826613,45.229357],[19.8267463,45.2295673],[19.8267603,45.2297183],[19.8264181,45.2300917],[19.8258581,45.2304028],[19.8257337,45.2306828],[19.8252359,45.2307139],[19.8248937,45.2305272],[19.8245515,45.2301539],[19.8237737,45.2300917],[19.8224982,45.2300605],[19.8203612,45.2299263],[19.8187347,45.2296368],[19.8164316,45.2291583],[19.8147828,45.2289095],[19.8140672,45.2287539],[19.8136939,45.2284428],[19.8125117,45.2283495],[19.8115726,45.227985],[19.8109251,45.2280695],[19.8102157,45.227919],[19.8098984,45.2278517],[19.8090273,45.2277584],[19.808374,45.2275717],[19.8075962,45.2275717],[19.8068807,45.2272606],[19.805854,45.2272606],[19.8062522,45.2277385]]]]}},
{"type":"Feature","properties":{"natural":"water","water":"river"},"geometry":{"type":"MultiPolygon","coordinates":[[[[19.6629772,45.2334176],[19.6629878,45.233465],[19.6630621,45.2334725],[19.66314,45.2334052],[19.6632426,45.2333404],[19.6633028,45.233298],[19.6635505,45.2331883],[19.6637169,45.2330936],[19.6641097,45.2328518],[19.6643292,45.2327546],[19.6644601,45.2327123],[19.6646197,45.2326489],[19.6654803,45.2321577],[19.6656493,45.2320418],[19.6656953,45.2320044],[19.665805,45.2319471],[19.6658722,45.2318997],[19.6658935,45.2318798],[19.6658935,45.2318474],[19.6658475,45.2318125],[19.6657802,45.2317926],[19.6656917,45.2317826],[19.6656493,45.2317577],[19.6656245,45.2317352],[19.6656121,45.2316968],[19.6654433,45.2317687],[19.6655384,45.2317784],[19.6655814,45.231801],[19.6655894,45.2318558],[19.6656162,45.2319332],[19.6655438,45.2319748],[19.6653507,45.2320806],[19.6652568,45.2321221],[19.6651629,45.2321486],[19.6651147,45.2321977],[19.6650905,45.2322638],[19.6650422,45.2323072],[19.664774,45.2324867],[19.6645272,45.2326057],[19.6644226,45.2326454],[19.6640525,45.2328267],[19.6638621,45.232906],[19.6637735,45.2329665],[19.6634812,45.2331251],[19.663331,45.2332007],[19.6629736,45.2333827],[19.6629772,45.2334176]]]]}},
{"type":"Feature","properties":{"natural":"water","water":"river"},"geometry":{"type":"MultiPolygon","coordinates":[[[[19.581693,45.2124228],[19.5789352,45.2130159],[19.5763608,45.2138811],[19.5748237,45.2146818],[19.5740906,45.2150336],[19.5740897,45.215034],[19.573334,45.2153968],[19.5711361,45.216533],[19.5698045,45.2173923],[19.5687709,45.2178407],[19.5679916,45.2183902],[19.5658511,45.2205326],[19.5633564,45.2235468],[19.5629768,45.2242651],[19.5624149,45.2248477],[19.562163,45.2250194],[19.5612197,45.2261242],[19.558446,45.2320781],[19.558258559818757,45.232293023000082],[19.5581836,45.2332381],[19.557091183999862,45.237697315820789],[19.5579785,45.2383521],[19.5588718,45.2390113],[19.5602820041487,45.240051835084515],[19.5605213,45.2397378],[19.5617588,45.2381138],[19.5617839,45.238037],[19.561896,45.2376948],[19.5619723,45.2374739],[19.5620737,45.2372297],[19.5664381,45.2329735],[19.5669614,45.2329186],[19.5663758,45.2337544],[19.5654121,45.2352256],[19.5656309,45.2353541],[19.5658235,45.2352231],[19.5660243,45.2350474],[19.5673879,45.2327052],[19.5670112,45.2326845],[19.5673543,45.2321525],[19.568443,45.2311034],[19.571,45.2265],[19.57075,45.226],[19.5712403,45.224529],[19.5715,45.22375],[19.573,45.2215],[19.57425,45.22],[19.5785805,45.2175674],[19.5796901,45.2171816],[19.5799538,45.2172543],[19.5801999,45.2173222],[19.580453,45.2172039],[19.5808906,45.2165061],[19.58175,45.21625],[19.5828078,45.2158014],[19.5852981,45.2154746],[19.588464,45.2151693],[19.5904714,45.2150644],[19.5933078,45.2150104],[19.5985,45.21475],[19.6007985,45.2152973],[19.6027607,45.2160308],[19.6049721,45.2168029],[19.609844,45.2179883],[19.610681508372071,45.216148492517164],[19.609661,45.2158377],[19.6041375,45.2139273],[19.592444308326012,45.212205104890216],[19.5974757,45.2131791],[19.5975498,45.2134402],[19.5940294,45.2134253],[19.5918643,45.2134029],[19.5904826,45.2132575],[19.5896408,45.2134439],[19.5888891,45.213429],[19.585693,45.2141283],[19.5842213,45.2144565],[19.5836601,45.2143781],[19.5827337,45.2145087],[19.581172,45.2149599],[19.5794833,45.2151948],[19.5788269,45.2151986],[19.5784775,45.215441],[19.5778316,45.2158586],[19.5767993,45.2162017],[19.5760053,45.2164404],[19.5766458,45.2163397],[19.5776411,45.2163658],[19.5777416,45.2165634],[19.5775828,45.2167685],[19.5770799,45.2169364],[19.575476,45.2173414],[19.5734771,45.2178055],[19.5737223,45.2172925],[19.5744105,45.2163714],[19.5748658,45.2155696],[19.5765545,45.2142196],[19.5769092,45.2140369],[19.5769145,45.2143352],[19.5793603,45.2130225],[19.5821342,45.2124258],[19.58423158059253,45.212270277578263],[19.581693,45.2124228]],[[19.568717,45.2244425],[19.5692298,45.223586],[19.5695814,45.2235447],[19.5694935,45.2238853],[19.5695204,45.2240998],[19.5695814,45.224587],[19.5699184,45.2251752],[19.5695521,45.2262793],[19.5688196,45.2266095],[19.5684826,45.2263412],[19.56838,45.2253609],[19.568717,45.2244425]],[[19.5711638,45.2213363],[19.572834,45.2199947],[19.5738156,45.2195097],[19.5719989,45.2221413],[19.5713249,45.2233487],[19.5709294,45.2233384],[19.5707096,45.2221929],[19.5711638,45.2213363]]]]}},
{"type":"Feature","properties":{"natural":"water","water":"river"},"geometry":{"type":"MultiPolygon","coordinates":[[[[19.6870279,45.2251133],[19.6833283,45.2244103],[19.6820548,45.2243587],[19.6801342,45.2240954],[19.6779727,45.2236427],[19.6772917,45.2235001],[19.6758738,45.2232533],[19.6758719,45.2232536],[19.674754877332781,45.223417061089478],[19.6751967,45.226929],[19.6784785,45.2271495],[19.69225,45.23125],[19.693546,45.2312937],[19.6943298,45.2315338],[19.6943323,45.2315346],[19.6943511,45.2315773],[19.6946296,45.2316263],[19.6947508,45.2316422],[19.6948266,45.2316122],[19.6948538,45.2316177],[19.6952126,45.2317067],[19.6971107,45.2321413],[19.7002441,45.2327228],[19.7003956,45.2327799],[19.7005183,45.2327976],[19.7006148,45.2327797],[19.7007464,45.2327823],[19.7009197,45.2327865],[19.7010843,45.2328628],[19.7011699,45.233075],[19.7012703,45.2330971],[19.7013706,45.2330904],[19.7014944,45.233059],[19.7015363,45.2330112],[19.7016198,45.2329535],[19.7019022,45.2329969],[19.702107,45.2330742],[19.7022716,45.2331325],[19.7055119,45.234004],[19.7059063,45.2340743],[19.7062473,45.2341404],[19.7071792,45.2342602],[19.70737,45.2342867],[19.7077382,45.2343376],[19.7080127,45.2342427],[19.7093249,45.2345039],[19.7095565,45.234633],[19.7101421,45.2347855],[19.711107,45.2349879],[19.7118112,45.2350662],[19.7118823,45.2350686],[19.7119676,45.2350867],[19.7120929,45.2351109],[19.712224,45.2351147],[19.7131959,45.2350185],[19.7137267,45.234986],[19.7146928,45.2349406],[19.7152211,45.2349253],[19.7156984,45.234874],[19.7172224,45.2346186],[19.7178789,45.234459],[19.7185624,45.2342122],[19.7186908,45.234204],[19.7188192,45.2341396],[19.7191721,45.2341109],[19.7194408,45.2341602],[19.7195264,45.2341471],[19.7195794,45.2341289],[19.719718,45.2340726],[19.720962,45.2338792],[19.7218115,45.2337887],[19.7223447,45.2338322],[19.7241323,45.2337173],[19.7247349,45.2336098],[19.7279447,45.2333189],[19.7311448,45.2327716],[19.7316347,45.2327255],[19.7322099,45.2328488],[19.7323195,45.232882],[19.7324571,45.2328757],[19.7327502,45.2327553],[19.733001,45.2327563],[19.7332893,45.2327931],[19.7365097,45.2327761],[19.7365582,45.2327758],[19.7369741,45.2326464],[19.7375294,45.2325548],[19.7381868,45.2324741],[19.7385767,45.2323548],[19.7390094,45.2322582],[19.7393493,45.2320612],[19.7400237,45.2318744],[19.7410468,45.2317047],[19.7416364,45.2315824],[19.7422904,45.2313227],[19.7429519,45.2311388],[19.7432073,45.231034],[19.7437058,45.2309404],[19.744125,45.2310704],[19.7452414,45.2308239],[19.7476028,45.2303669],[19.7491263,45.2304503],[19.7512924,45.2304815],[19.7539834,45.2303363],[19.7547631,45.2303625],[19.7548481,45.2305968],[19.7554511,45.2307321],[19.7567716,45.2305379],[19.7579834,45.2303106],[19.7588363,45.2302637],[19.7592823,45.2302008],[19.7606841,45.2300685],[19.7619849,45.2299386],[19.7642026,45.2295838],[19.7644525,45.2297475],[19.7649934,45.2297543],[19.7656496,45.2297625],[19.7669707,45.229564],[19.7689082,45.2292848],[19.7699027,45.2291129],[19.773808,45.2282968],[19.7764653,45.2280458],[19.7781192,45.227923],[19.7818853,45.2274397],[19.7839834,45.2270492],[19.7860574,45.2266275],[19.787763,45.226373],[19.789866,45.2258472],[19.7905879,45.2256672],[19.7913979,45.22557],[19.7918914,45.2254864],[19.7919788,45.2253458],[19.7957377,45.2252001],[19.7966307,45.22503],[19.7982355,45.22474],[19.7982994,45.2247506],[19.7983811,45.2249119],[19.7983922,45.225079],[19.7981966,45.2251305],[19.7981846,45.2251733],[19.7982048,45.2252122],[19.7983338,45.2252631],[19.7984305,45.2252961],[19.7984628,45.22528],[19.7984821,45.2251713],[19.79848,45.2250248],[19.7983951,45.2247092],[19.798823,45.2246632],[19.799176,45.2246307],[19.7997535,45.224539],[19.8003367,45.224539],[19.801136,45.2244376],[19.8019426,45.2242753],[19.8029003,45.2239811],[19.8038508,45.2235449],[19.8048015,45.2232673],[19.8051182,45.2230681],[19.805579,45.2229363],[19.8059391,45.2229566],[19.80625,45.223],[19.8066664,45.2228754],[19.8069112,45.2227385],[19.807108,45.2226927],[19.8073505,45.2226979],[19.8076601,45.2227334],[19.8079049,45.2225964],[19.8087114,45.2224849],[19.8100207,45.2225355],[19.8102889,45.2227009],[19.8106018,45.2227137],[19.8108634,45.2226951],[19.8114047,45.2227644],[19.812183,45.2228803],[19.8132878,45.2230053],[19.8138746,45.2230839],[19.8144336,45.2231959],[19.8187922,45.2243005],[19.8207461,45.2247476],[19.8225588,45.2252066],[19.8254663,45.2257661],[19.8270702,45.2261642],[19.8285623,45.2265678],[19.829998,45.2271934],[19.8307585,45.2276178],[19.8308687,45.2276793],[19.8313168,45.2279034],[19.8315688,45.228063],[19.8317343,45.2281706],[19.8318209,45.2282262],[19.8318412,45.2282728],[19.8318327,45.2283145],[19.8317763,45.2283571],[19.8317071,45.2283902],[19.8317638,45.228438],[19.8318539,45.2284526],[19.8319471,45.2284716],[19.832126,45.2285166],[19.8323836,45.2286216],[19.8326102,45.2286874],[19.8326598,45.2286941],[19.8327283,45.2286915],[19.8327597,45.2286841],[19.8328662,45.2286936],[19.83289,45.2287033],[19.8329468,45.2287537],[19.8329811,45.2287907],[19.8330404,45.2288363],[19.8331504,45.2288758],[19.8333611,45.2289487],[19.8335038,45.2289759],[19.8337542,45.2291507],[19.8338092,45.2291931],[19.8338598,45.229217],[19.83393,45.2292428],[19.8341584,45.2293359],[19.8342249,45.2293615],[19.834308,45.2294122],[19.8343689,45.2294423],[19.8344569,45.2294629],[19.8347707,45.2295706],[19.8348236,45.2296015],[19.834909,45.2296551],[19.8349166,45.2296579],[19.8349294,45.2296635],[19.8352457,45.2298003],[19.8352644,45.2298068],[19.8352773,45.2298125],[19.8358158,45.2300499],[19.8358462,45.2300663],[19.8358599,45.2300719],[19.8358685,45.2300753],[19.8362561,45.2302476],[19.8362678,45.2302521],[19.8362838,45.2302579],[19.8367988,45.2304438],[19.8373833,45.2307048],[19.8373988,45.2307107],[19.8374229,45.23072],[19.8378498,45.23089],[19.8380213,45.2309187],[19.8380459,45.2309284],[19.8380721,45.2309343],[19.838102,45.2309388],[19.8381868,45.2309483],[19.8382277,45.2309604],[19.8382626,45.23098],[19.8383042,45.2310253],[19.838322,45.2310395],[19.8383337,45.2310549],[19.8383521,45.231099],[19.8383582,45.2311103],[19.8383667,45.2311183],[19.8384119,45.2311351],[19.838428,45.231141],[19.8384414,45.2311462],[19.8389249,45.2313328],[19.8389456,45.2313407],[19.8389609,45.2313465],[19.8391497,45.2314192],[19.8391579,45.2314224],[19.8391702,45.2314273],[19.8393363,45.2314911],[19.8393525,45.2314975],[19.8393632,45.2315018],[19.8394529,45.2315362],[19.8395951,45.2315915],[19.8396088,45.2315968],[19.8397063,45.2316343],[19.8397292,45.2316432],[19.8397969,45.2316691],[19.8398044,45.2316721],[19.8398107,45.2316745],[19.839878,45.2317004],[19.8402446,45.2318415],[19.8402636,45.2318496],[19.8404806,45.2319318],[19.8404957,45.2319383],[19.8405122,45.2319454],[19.8412108,45.2322318],[19.8418162,45.2324498],[19.8422312,45.232585],[19.8426838,45.2327236],[19.8428753,45.2327822],[19.8431615,45.232883],[19.843433,45.2329956],[19.843713,45.2331542],[19.8439003,45.2332297],[19.8441252,45.2333487],[19.844324,45.2334757],[19.8445193,45.2336271],[19.8445762,45.2336746],[19.8445992,45.2337037],[19.8446155,45.233732],[19.8445914,45.2337633],[19.8445621,45.2338176],[19.8445644,45.2338639],[19.844532,45.2339155],[19.8444338,45.2339376],[19.8443177,45.2339459],[19.8442398,45.2339445],[19.8440989,45.2339386],[19.8439555,45.2339123],[19.8438801,45.2338736],[19.8437586,45.233817],[19.8436077,45.2337752],[19.8434927,45.2337429],[19.8434738,45.233739],[19.8434502,45.2337342],[19.8433191,45.2337009],[19.8430753,45.233672],[19.8428918,45.2336584],[19.8428666,45.2336556],[19.8427459,45.2336399],[19.8425744,45.2336096],[19.8425476,45.2336065],[19.8424708,45.2335937],[19.8422768,45.2335523],[19.8422386,45.233546],[19.8420451,45.2335338],[19.8418276,45.2335323],[19.8417913,45.2335321],[19.841711,45.2335315],[19.8414326,45.2335246],[19.8413795,45.2335252],[19.8413407,45.2335271],[19.8411808,45.2335338],[19.8409676,45.2335176],[19.8406983,45.2334578],[19.8405287,45.2334115],[19.8399359,45.2333723],[19.8396859,45.2333477],[19.8396624,45.2333458],[19.8393956,45.2333216],[19.8388976,45.2332564],[19.8377419,45.2329976],[19.8377145,45.2329913],[19.8371748,45.2328705],[19.8366076,45.2327185],[19.8365873,45.2327145],[19.8364518,45.2326774],[19.8360751,45.2325773],[19.8356815,45.2324724],[19.8342754,45.2319264],[19.8342274,45.2319046],[19.8336298,45.2316331],[19.832965,45.2313763],[19.8321821,45.2311497],[19.8320259,45.2311246],[19.8319248,45.2311083],[19.831805,45.231089],[19.8315904,45.2310317],[19.8313533,45.2309685],[19.8305452,45.2307528],[19.8301649,45.2313047],[19.8305712,45.2315911],[19.8308668,45.2316695],[19.831091,45.2318046],[19.8326344,45.2320298],[19.8330351,45.2322858],[19.8336471,45.2325485],[19.8350635,45.233063],[19.8349196,45.2332729],[19.8347981,45.2333425],[19.8343473,45.2333498],[19.8332585,45.23318],[19.831584,45.2329811],[19.8312439,45.2329878],[19.8295648,45.2326925],[19.8295726,45.2327751],[19.8293385,45.2328188],[19.8293631,45.2329507],[19.8297447,45.2329227],[19.829772,45.2331521],[19.8309886,45.2333485],[19.8318723,45.2335396],[19.8343095,45.2338612],[19.8363219,45.2338987],[19.8365206,45.2338959],[19.8366162,45.2338048],[19.8367435,45.2337508],[19.8370211,45.2337957],[19.8373509,45.2338942],[19.8374033,45.2339708],[19.837406,45.2340105],[19.8374227,45.2340383],[19.8374586,45.2340587],[19.8374848,45.2340677],[19.8375026,45.2340731],[19.8377394,45.2341411],[19.8380435,45.2342318],[19.8380617,45.2342382],[19.8380823,45.2342455],[19.8382388,45.2343236],[19.8383589,45.2343753],[19.8384384,45.2344034],[19.8384687,45.2344079],[19.8385012,45.2344026],[19.8385767,45.2343675],[19.8386204,45.2343621],[19.8386661,45.2343711],[19.8387026,45.234392],[19.8387769,45.2344843],[19.8388067,45.2345128],[19.8388469,45.2345326],[19.8390165,45.2346127],[19.8390389,45.2346174],[19.8391459,45.2346558],[19.8395707,45.2348219],[19.8395981,45.2348281],[19.8397281,45.2348659],[19.8399799,45.234928],[19.8399998,45.2349329],[19.8406935,45.2351005],[19.8407099,45.2351038],[19.8407277,45.2351056],[19.8408717,45.2351118],[19.8410541,45.235106],[19.8413983,45.2351014],[19.8415028,45.2351012],[19.8415253,45.235103],[19.8415421,45.2351044],[19.8417469,45.2351073],[19.8419157,45.2351152],[19.8419885,45.2351054],[19.8419992,45.2351031],[19.8420099,45.2351009],[19.842237,45.2350527],[19.8424924,45.235081],[19.8425384,45.2350918],[19.8425813,45.2351258],[19.842627,45.235135],[19.8426805,45.2351381],[19.8428596,45.2351239],[19.8429109,45.235113],[19.8429488,45.235105],[19.8429932,45.2350852],[19.8430039,45.2350794],[19.8430151,45.2350733],[19.8431328,45.2349899],[19.8431557,45.2349666],[19.8432469,45.2349094],[19.843285,45.2348879],[19.843389,45.2348296],[19.8434646,45.2347974],[19.8435717,45.2347627],[19.843687,45.2347463],[19.8438172,45.2347324],[19.8439133,45.2347296],[19.8439573,45.2347248],[19.8440025,45.2347126],[19.8443564,45.2344457],[19.8444033,45.2344202],[19.8444588,45.2344062],[19.8445179,45.2344081],[19.8445624,45.2344195],[19.8446288,45.2344484],[19.8447975,45.2344501],[19.8449489,45.2344391],[19.8451434,45.2343927],[19.8453277,45.2343835],[19.8454849,45.2344063],[19.8459157,45.234577],[19.8461924,45.2346918],[19.8464884,45.234863],[19.847284,45.2353696],[19.8480795,45.2359756],[19.8486326,45.2364063],[19.8492459,45.2368665],[19.8497268,45.2372173],[19.8500928,45.2374752],[19.8503902,45.2376812],[19.8506017,45.2378288],[19.8509812,45.2380578],[19.8510582,45.2381124],[19.8511358,45.2381721],[19.8513186,45.2382822],[19.8513395,45.2382953],[19.8513673,45.2383126],[19.8514947,45.238398],[19.8518023,45.2385699],[19.8518371,45.2385902],[19.8518931,45.2386275],[19.8519738,45.238681],[19.8521026,45.2387545],[19.8521901,45.2388186],[19.8525175,45.2391462],[19.8533948,45.2398461],[19.8535943,45.2400133],[19.8538886,45.2403266],[19.8548583,45.241147],[19.8554758,45.241992],[19.8556297,45.2422251],[19.8560557,45.2432465],[19.8561408,45.2434505],[19.8564626,45.2447561],[19.8564861,45.2451381],[19.8565403,45.245701],[19.8565782,45.2466325],[19.8565108,45.2475134],[19.8564453,45.2483705],[19.8563829,45.2489814],[19.8563187,45.249195],[19.8562881,45.249383],[19.8562964,45.2495827],[19.8563156,45.2497653],[19.8562519,45.2500174],[19.8562686,45.2501936],[19.8562845,45.2505018],[19.8562641,45.2512142],[19.8562582,45.2513498],[19.8562409,45.2517469],[19.8562004,45.2521492],[19.8554043,45.2556714],[19.8553008,45.2562668],[19.8552758,45.2565977],[19.855282,45.2569055],[19.8554009,45.2576568],[19.8554899,45.2580542],[19.8555269,45.2581613],[19.8555833,45.2583251],[19.8562794,45.2599403],[19.8563632,45.260237],[19.8564716,45.2604876],[19.8565857,45.2607225],[19.8567053,45.2609104],[19.856886,45.2611845],[19.8570749,45.2614431],[19.8572079,45.2616226],[19.8572726,45.2617111],[19.8573699,45.2618266],[19.8574228,45.261852],[19.8575007,45.2618677],[19.8575674,45.2619127],[19.8575852,45.2619374],[19.8576494,45.2620265],[19.8576564,45.2621026],[19.8576926,45.2621848],[19.8578344,45.2623688],[19.8580949,45.2626626],[19.8585519,45.2631518],[19.8590608,45.2635979],[19.859403,45.2638898],[19.8597645,45.2641501],[19.8601372,45.2644261],[19.8605387,45.2646735],[19.8613748,45.2651523],[19.8621721,45.2655784],[19.8626235,45.2657905],[19.8636428,45.2661756],[19.8640386,45.2663158],[19.8644796,45.2664535],[19.8652395,45.2666599],[19.8660871,45.2668455],[19.8663872,45.2668941],[19.8665843,45.2669242],[19.8667137,45.2669531],[19.8667887,45.2669738],[19.8668387,45.2669945],[19.8668734,45.2670201],[19.8669049,45.2670567],[19.8669285,45.2670919],[19.866949,45.2671395],[19.8669505,45.2671923],[19.8669265,45.2672426],[19.8669034,45.2672834],[19.8668446,45.2673269],[19.866759,45.2673616],[19.864,45.26825],[19.8637424,45.2682425],[19.8635071,45.2681887],[19.863107,45.26811],[19.8628363,45.2680769],[19.8625522,45.2680825],[19.8623186,45.2680976],[19.8621228,45.268122],[19.8615052,45.2683419],[19.8580251,45.2695814],[19.8548133,45.2706688],[19.8545354,45.2708188],[19.8536619,45.2716139],[19.8534131,45.2718086],[19.8483821,45.2735506],[19.8470474,45.2740127],[19.8434419,45.2749432],[19.8406785,45.2756174],[19.8394562,45.2759191],[19.8349566,45.2770297],[19.8339476,45.2772788],[19.830081,45.2782332],[19.829,45.2785],[19.8275386,45.2788661],[19.826,45.27925],[19.8237704,45.2798044],[19.8189807,45.2809926],[19.8180249,45.2812297],[19.8175373,45.2814847],[19.8175138,45.2815255],[19.8175027,45.2815529],[19.8175086,45.28157],[19.817524,45.2815819],[19.8175579,45.281585],[19.8175895,45.2815778],[19.8180411,45.2813677],[19.8181624,45.2813439],[19.8181808,45.2813268],[19.8181963,45.2813258],[19.8182043,45.281333],[19.8181801,45.2813568],[19.818044,45.2813853],[19.817841,45.2814769],[19.8174115,45.281673],[19.8173946,45.2816704],[19.8173917,45.2816549],[19.817373,45.2816641],[19.8173179,45.2816926],[19.8173745,45.2818013],[19.8174076,45.2817767],[19.8175251,45.2817485],[19.8177038,45.2817439],[19.8177288,45.2817509],[19.8177435,45.2817713],[19.8177395,45.2817923],[19.8177244,45.2818081],[19.8175626,45.2818909],[19.8173523,45.2819426],[19.81653,45.2821372],[19.8165411,45.2821601],[19.8163708,45.2822054],[19.816405,45.2822833],[19.8164885,45.2822577],[19.8165142,45.2822455],[19.8165495,45.2822308],[19.8165852,45.2822199],[19.8166374,45.2822139],[19.8167007,45.282216],[19.8167477,45.2822225],[19.816793,45.2822261],[19.816842,45.2822292],[19.8168996,45.282229],[19.8170599,45.2822359],[19.8171452,45.2822424],[19.8172033,45.2822497],[19.8172387,45.282259],[19.8172834,45.2822892],[19.8176285,45.2822387],[19.8179856,45.2821454],[19.8187339,45.2819553],[19.8203711,45.2815546],[19.8206275,45.281501],[19.8210154,45.2814667],[19.8213659,45.28148],[19.8227735,45.2817124],[19.8234881,45.2818367],[19.8240969,45.2819253],[19.8244675,45.2819491],[19.8246376,45.2819396],[19.8248125,45.2819091],[19.8249538,45.2818726],[19.8251307,45.2818032],[19.8254143,45.2816442],[19.8255456,45.2815208],[19.8256612,45.281382],[19.8258512,45.2811165],[19.8262751,45.280479],[19.8264706,45.280243],[19.826661,45.2800516],[19.8268917,45.2798968],[19.8271235,45.279774],[19.8273922,45.2796495],[19.8277205,45.2795474],[19.8281166,45.2794485],[19.828433,45.2793695],[19.8385638,45.2768394],[19.8389425,45.2767448],[19.8431034,45.2757056],[19.8463903,45.2748847],[19.848667,45.2741504],[19.8490976,45.2740115],[19.8493242,45.2739384],[19.8494363,45.2739173],[19.8495891,45.273951],[19.8496653,45.2740392],[19.8497416,45.274112],[19.8498288,45.2741695],[19.8499377,45.274181],[19.8501392,45.2741734],[19.8503071,45.2741512],[19.8504659,45.2741057],[19.8505836,45.2740125],[19.8506689,45.2739442],[19.8508473,45.2738169],[19.85088,45.2737786],[19.8509219,45.2737289],[19.8510162,45.2736367],[19.8511033,45.2735524],[19.8512177,45.2734182],[19.8513338,45.2733294],[19.8514279,45.2732693],[19.8515874,45.2731929],[19.8556758,45.2720004],[19.8625505,45.2696076],[19.8663572,45.2682598],[19.8710862,45.2665747],[19.8802606,45.2646735],[19.8825257,45.2637328],[19.882719,45.263773],[19.8828173,45.2638423],[19.8830305,45.2641366],[19.8834323,45.2639866],[19.8833175,45.2638134],[19.8832519,45.2636807],[19.8832601,45.2635652],[19.8834569,45.2634383],[19.8836701,45.263369],[19.8838177,45.2632651],[19.883882,45.2631695],[19.8839917,45.2631239],[19.8852242,45.2626121],[19.8859269,45.2623447],[19.8981219,45.2577042],[19.9012357,45.25625],[19.9043621,45.2551494],[19.9078427,45.2543832],[19.9108385,45.2536416],[19.9150827,45.2518695],[19.9163809,45.2511597],[19.9175473,45.2502192],[19.9188906,45.2487787],[19.9195075,45.2481172],[19.9195604,45.2480604],[19.9196133,45.2480037],[19.9201244,45.2474556],[19.922719,45.244612],[19.9226807,45.2427843],[19.9229218,45.2422756],[19.9230471,45.2418461],[19.9234054,45.2410477],[19.9235281,45.2409081],[19.9239496,45.240838],[19.92425,45.2405],[19.9264367,45.2369614],[19.9265766,45.2357544],[19.9266663,45.2349811],[19.92675,45.2345],[19.926982,45.2342216],[19.928,45.233],[19.9285579,45.2317815],[19.931,45.227],[19.9345,45.22425],[19.939,45.2195],[19.9402221,45.2176965],[19.9407789,45.2156209],[19.9445352,45.2122219],[19.9470966,45.2093547],[19.947535,45.2081761],[19.9485857,45.2064839],[19.948848691859158,45.206271536439537],[19.9468698,45.2053197],[19.9445508,45.2077346],[19.9422264,45.2098813],[19.9402638,45.2119599],[19.9380426,45.2144339],[19.937658493749652,45.2149348817195],[19.9376438,45.2149757],[19.9373768,45.2157061],[19.9371995,45.2160443],[19.9370022,45.2164207],[19.936599,45.2176273],[19.9360495,45.218802],[19.9351778,45.22003],[19.9338702,45.2207642],[19.9330183,45.2210628],[19.9330011,45.220861],[19.933213433846845,45.220558661726734],[19.9328702,45.2210005],[19.9312941,45.2231737],[19.9284165,45.2263608],[19.9260613,45.2248399],[19.9254549,45.2244955],[19.92484961407138,45.22414908437743],[19.9232123,45.2257308],[19.9215855,45.2271317],[19.9201431,45.2285066],[19.9190226,45.2296431],[19.9181357,45.2307882],[19.9166796,45.2336135],[19.9152235,45.2371361],[19.9140267,45.2396947],[19.9127687,45.2423408],[19.911447,45.2440242],[19.909544,45.2466649],[19.9094888,45.2467086],[19.9061269,45.2486687],[19.9047646,45.2492605],[19.9039845,45.2496798],[19.902974,45.2502206],[19.9021078,45.2507876],[19.9018796,45.2509361],[19.8959574,45.254377],[19.8942737,45.2553755],[19.8898031,45.2573313],[19.8893248,45.2575243],[19.8889819,45.2576443],[19.8879792,45.2579951],[19.8876049,45.2581517],[19.8870223,45.2583498],[19.8861087,45.2587239],[19.8853989,45.2590006],[19.8850567,45.2590568],[19.8847776,45.2590805],[19.8845076,45.2591183],[19.8842871,45.259149],[19.8840312,45.2591754],[19.8838481,45.2591944],[19.88369,45.2591871],[19.8835299,45.2591534],[19.8834009,45.2591051],[19.8832948,45.2590187],[19.8832128,45.2589401],[19.88317,45.2588972],[19.8831013,45.2588591],[19.8830098,45.2588313],[19.8828892,45.2588049],[19.882808,45.2588093],[19.8827331,45.2588079],[19.8826798,45.2587909],[19.8821965,45.2586365],[19.8820119,45.2585779],[19.8819614,45.2585619],[19.8818209,45.25852],[19.8817076,45.2584769],[19.8816254,45.2584564],[19.881535,45.2584272],[19.8814018,45.2583993],[19.881252,45.2583744],[19.8810482,45.2583247],[19.8808318,45.2582602],[19.8805822,45.2582046],[19.8803825,45.2581665],[19.8801204,45.2580757],[19.8798708,45.2579644],[19.8796794,45.2579176],[19.8795088,45.2579],[19.8793383,45.2579088],[19.8792053,45.2578873],[19.8790595,45.2578912],[19.8789389,45.2578619],[19.8788057,45.2578034],[19.8786726,45.257777],[19.8784812,45.2577477],[19.8783572,45.2576934],[19.878275,45.2576641],[19.8782016,45.2576543],[19.878145,45.2576583],[19.8780909,45.2576795],[19.8779869,45.2576766],[19.877885,45.2576649],[19.8777311,45.2576458],[19.8776083,45.2576458],[19.8774523,45.2576634],[19.8772902,45.2576942],[19.8769747,45.257849],[19.8767253,45.2580242],[19.8766724,45.2581643],[19.8766179,45.2582243],[19.8766067,45.2582711],[19.876821,45.2583048],[19.8769645,45.2582696],[19.8771345,45.258262],[19.8774922,45.2581214],[19.8776628,45.2580863],[19.8779915,45.2580672],[19.8781371,45.2580643],[19.8782097,45.258104],[19.8783599,45.2582122],[19.8784672,45.2582164],[19.8785349,45.2582978],[19.8788132,45.2582847],[19.8789394,45.2582371],[19.8790176,45.2582138],[19.879064,45.2582211],[19.8791256,45.2584275],[19.879245,45.2585036],[19.8792586,45.2585307],[19.8793574,45.258541],[19.8794655,45.2585607],[19.8796164,45.258541],[19.8796632,45.2584948],[19.8797422,45.2584765],[19.8798993,45.2585073],[19.8800137,45.258497],[19.8801166,45.2585007],[19.880151,45.2585131],[19.8801655,45.2585356],[19.8804124,45.2585978],[19.8804588,45.2585615],[19.8805629,45.2585519],[19.8806088,45.2585175],[19.8806486,45.258533],[19.8806427,45.2585993],[19.8806942,45.258619],[19.8807147,45.2586366],[19.8808207,45.2586231],[19.880931,45.25862],[19.8809957,45.2585972],[19.8810413,45.2586252],[19.8810119,45.2586707],[19.8809751,45.2587059],[19.8810325,45.258736],[19.8811472,45.2587877],[19.8812384,45.2588395],[19.8812903,45.2589239],[19.8813928,45.2589451],[19.881459,45.2589793],[19.8815576,45.2589907],[19.8815796,45.2590414],[19.8816797,45.2590766],[19.8818135,45.2590994],[19.8819386,45.2591015],[19.8820209,45.2591294],[19.8821165,45.2591491],[19.8822433,45.2591574],[19.8823598,45.259216],[19.8825179,45.2592745],[19.8826303,45.2593082],[19.8827224,45.2593129],[19.8828489,45.2593253],[19.8829312,45.2593419],[19.883043,45.2593294],[19.8831136,45.2593419],[19.8831669,45.2593228],[19.8832195,45.2593253],[19.8832431,45.2593543],[19.8832343,45.2594123],[19.8831401,45.2595013],[19.8829548,45.2595696],[19.8827577,45.2596338],[19.8825635,45.2597063],[19.8823321,45.2598114],[19.8806329,45.2603787],[19.8788501,45.2608549],[19.8780406,45.2608988],[19.8745663,45.2613102],[19.8735433,45.2614051],[19.8726945,45.2615046],[19.8719431,45.2615652],[19.8707475,45.2616686],[19.869749,45.2617272],[19.868689,45.261875],[19.8672622,45.261899],[19.8663138,45.2618805],[19.8656867,45.2618352],[19.8653439,45.2618289],[19.8650666,45.2618358],[19.8649174,45.2618612],[19.8647635,45.2618702],[19.8638766,45.2617853],[19.8635688,45.2617437],[19.8625911,45.2612613],[19.8612665,45.2602906],[19.8606317,45.2597903],[19.8603205,45.2595017],[19.860079,45.2592776],[19.8597433,45.2588958],[19.8595431,45.2586334],[19.8594719,45.2585202],[19.8591585,45.2580214],[19.8590784,45.25785],[19.8590001,45.2575976],[19.8589519,45.2573592],[19.8589342,45.2570838],[19.8589313,45.2569285],[19.8589276,45.2567874],[19.8589384,45.2564019],[19.8591074,45.2554328],[19.8591869,45.2549879],[19.8593076,45.2545036],[19.8593625,45.2544516],[19.8593398,45.2542931],[19.8593049,45.2540621],[19.8593062,45.2539206],[19.8594248,45.2538078],[19.8595063,45.2537064],[19.8596048,45.2535283],[19.8597109,45.2532228],[19.8597548,45.2530028],[19.859794,45.2528598],[19.8599325,45.2527368],[19.8600155,45.2525824],[19.86007,45.2524966],[19.8600935,45.2524127],[19.8601108,45.2523011],[19.8601214,45.252217],[19.8601126,45.2521011],[19.8601538,45.2520493],[19.8603156,45.2518463],[19.860398,45.2516796],[19.8604904,45.2515629],[19.8606319,45.2513845],[19.8607369,45.2512979],[19.860851,45.251224],[19.8609819,45.2510925],[19.8610599,45.250992],[19.8611423,45.250903],[19.8612496,45.2508501],[19.8613129,45.2508098],[19.8614335,45.2506907],[19.8615571,45.2506099],[19.8617468,45.2505177],[19.8619174,45.2504484],[19.861991,45.2503799],[19.8621646,45.2501909],[19.8623967,45.2500829],[19.8626591,45.2498482],[19.8627863,45.2497092],[19.8631097,45.2495083],[19.8631127,45.2494731],[19.8632058,45.2494633],[19.863495,45.2492297],[19.8634937,45.2491837],[19.863564,45.2491901],[19.8638215,45.2490372],[19.8640193,45.2489211],[19.8641916,45.2488047],[19.8643588,45.2486461],[19.8645894,45.2483226],[19.8649016,45.2474836],[19.8649984,45.2472093],[19.8651057,45.2469399],[19.865179,45.2466818],[19.8652533,45.2463787],[19.8652321,45.2459863],[19.8651203,45.2455182],[19.8651615,45.2449631],[19.8650497,45.2441263],[19.8647673,45.2434262],[19.8644188,45.2428008],[19.8640612,45.242291],[19.8635376,45.2415329],[19.862337,45.2400206],[19.8600191,45.2381398],[19.8571156,45.2361825],[19.8555652,45.2352148],[19.8546238,45.2345933],[19.854259,45.2341789],[19.8536019,45.2336776],[19.8522729,45.2326636],[19.8519866,45.2325708],[19.8518957,45.2325223],[19.8517079,45.2324222],[19.8515195,45.2322577],[19.8513711,45.2320346],[19.8513402,45.2320168],[19.8512288,45.2319861],[19.8511405,45.2320672],[19.8503619,45.2315954],[19.8496257,45.2311147],[19.8494392,45.2309161],[19.8487156,45.2305059],[19.8480576,45.2300821],[19.8476883,45.2299096],[19.8470813,45.2295173],[19.8461514,45.2290053],[19.8458711,45.2288135],[19.8457901,45.2287645],[19.8458939,45.2286894],[19.8457327,45.2286569],[19.8448404,45.228353],[19.8441839,45.2280461],[19.8415044,45.2271809],[19.8406819,45.2268396],[19.8404954,45.2268011],[19.8400669,45.2265824],[19.8397364,45.226369],[19.8394082,45.226226],[19.8393425,45.2262515],[19.8387254,45.2258611],[19.8382676,45.2255695],[19.8381641,45.225551],[19.8380088,45.2255273],[19.8378351,45.2254533],[19.837756,45.2253929],[19.8376769,45.2253683],[19.8376112,45.2253683],[19.8376125,45.2254137],[19.837583,45.225409],[19.8375307,45.2253749],[19.8373581,45.2251377],[19.8370764,45.2249071],[19.836929,45.2248376],[19.8367621,45.2247921],[19.8365866,45.2247563],[19.8365785,45.22471],[19.836667,45.2246467],[19.8368688,45.2245235],[19.8368268,45.2245117],[19.8367758,45.2244719],[19.8366186,45.2245614],[19.8364632,45.224539],[19.8364565,45.2244445],[19.8357971,45.2241248],[19.8356647,45.2240248],[19.8354667,45.223892],[19.834807,45.2234379],[19.8345863,45.223273],[19.8344811,45.2232145],[19.8340889,45.2231992],[19.8336289,45.2229582],[19.8335089,45.2228954],[19.8332431,45.2227993],[19.8331973,45.2227347],[19.8328421,45.2226401],[19.8316741,45.2223126],[19.8310009,45.2222049],[19.830605,45.2221713],[19.8303853,45.2220698],[19.8300755,45.2219697],[19.8294519,45.2218611],[19.8291153,45.2217558],[19.8288243,45.2215805],[19.8276715,45.2212917],[19.8273303,45.2212489],[19.8270788,45.2212876],[19.8266109,45.2212837],[19.826248,45.2212036],[19.8260039,45.22106],[19.8256794,45.2209089],[19.8252017,45.2208079],[19.8251018,45.2207861],[19.8246977,45.2206494],[19.8239216,45.2206391],[19.8215809,45.2201796],[19.8190085,45.2197966],[19.818905,45.2197818],[19.8183237,45.2198495],[19.8154375,45.2193491],[19.814511,45.2190529],[19.8125891,45.2184383],[19.8111373,45.2181251],[19.8084909,45.2180263],[19.8072849,45.2180001],[19.8059471,45.2175867],[19.8036804,45.2173037],[19.8020131,45.2169233],[19.8008757,45.216775],[19.7997911,45.2169001],[19.7978271,45.2170651],[19.7963352,45.2171209],[19.7949601,45.2170592],[19.7945046,45.2170388],[19.792055,45.216929],[19.7884817,45.2171628],[19.7878321,45.2172706],[19.7872697,45.2174487],[19.7866279,45.218487],[19.7866075,45.218813],[19.7860982,45.2189556],[19.7854258,45.2192613],[19.7849572,45.2196891],[19.7842848,45.2198725],[19.7835105,45.2200151],[19.7828585,45.2201985],[19.7823899,45.22028],[19.7816157,45.2205653],[19.7803329,45.220678],[19.779304660306742,45.220976351325469],[19.779566799755006,45.221494322913891],[19.7798382,45.2213485],[19.7807376,45.2211058],[19.7814353,45.2209459],[19.7814437,45.2210466],[19.7813008,45.221467],[19.781242,45.2216801],[19.7813849,45.221911],[19.781284,45.2221419],[19.7808385,45.2226689],[19.780284269303404,45.222913845749126],[19.7813217,45.2249739],[19.7624779,45.2262067],[19.7470177,45.2262706],[19.7468776,45.2262584],[19.7460286,45.2261989],[19.7450714,45.2262136],[19.7442072,45.226141],[19.7436192,45.2260813],[19.7421082,45.2261119],[19.7410809,45.2261894],[19.7392586,45.2264798],[19.7365173,45.227102],[19.7295808,45.2288977],[19.7282625,45.2290828],[19.7261051,45.229326],[19.7242623,45.2295602],[19.7206105,45.2301691],[19.7194785,45.2303347],[19.7182062,45.230621],[19.7165209,45.2309828],[19.715295,45.231185],[19.7134148,45.2312125],[19.7120596,45.231164],[19.7115003,45.2310614],[19.7091386,45.2303041],[19.70813509759255,45.230168493640718],[19.7072858,45.2301146],[19.706633,45.2300517],[19.705468581443974,45.229752871626573],[19.7054289,45.2297466],[19.705294132599487,45.229708102274373],[19.6985335,45.2279731],[19.6977716,45.2278543],[19.6942612,45.2269227],[19.6941884,45.2269999],[19.6940539,45.227051],[19.6937223,45.226972],[19.6934399,45.2269363],[19.6931609,45.226568],[19.6921252,45.2261492],[19.691762685343097,45.225822900122324],[19.689798765632112,45.225550341231973],[19.68969,45.2257121],[19.6894681,45.2256754],[19.6891809,45.225565],[19.689158905810498,45.225449975682913],[19.688757837215576,45.225386611217914],[19.6886718,45.2254547],[19.6882672,45.2253996],[19.687709206996214,45.225220939076856],[19.6870279,45.2251133]],[[19.7824719,45.2210439],[19.783025,45.2209325],[19.7834588,45.220678],[19.7839697,45.2204308],[19.7844641,45.2203484],[19.7848432,45.2203649],[19.7848432,45.2202001],[19.7855189,45.219821],[19.7866183,45.2194119],[19.7872193,45.2193275],[19.7879481,45.2195823],[19.7886184,45.2198177],[19.7891955,45.2200073],[19.7892556,45.2199758],[19.7894751,45.2199752],[19.7889922,45.219774],[19.7885455,45.2195533],[19.7874773,45.2192882],[19.7873828,45.2192509],[19.787423,45.2189693],[19.7881827,45.218376],[19.7893153,45.2180757],[19.7909259,45.2178874],[19.7932999,45.2178069],[19.7957542,45.2179679],[19.7978867,45.2181288],[19.799295,45.2184106],[19.7989569,45.218724],[19.7985143,45.218885],[19.7979913,45.218885],[19.7974682,45.2188447],[19.7966635,45.2187643],[19.7953357,45.2190862],[19.7929618,45.2195288],[19.7921313,45.2195662],[19.7916945,45.2196697],[19.7913551,45.2201007],[19.7906272,45.2204958],[19.7896762,45.2208604],[19.7890325,45.2210615],[19.7882398,45.2212544],[19.7870994,45.2214353],[19.7861337,45.2217975],[19.7851681,45.2220389],[19.7842426,45.2222803],[19.7829551,45.222401],[19.7825928,45.2223838],[19.7821148,45.2223014],[19.7819426,45.2222272],[19.7819337,45.2216454],[19.7824719,45.2210439]],[[19.8566677,45.2500606],[19.8566812,45.2500509],[19.8567005,45.2500508],[19.8567142,45.2500603],[19.8567143,45.2500738],[19.8566605,45.2501581],[19.8566469,45.2501677],[19.8566278,45.2501678],[19.8566141,45.2501583],[19.8566139,45.2501448],[19.8566677,45.2500606]],[[19.857272,45.2501409],[19.8573098,45.2501268],[19.8573271,45.2501545],[19.8572838,45.2502417],[19.8572287,45.2502281],[19.857272,45.2501409]],[[19.857745,45.2503941],[19.8577586,45.2503845],[19.8577778,45.2503845],[19.8577914,45.2503941],[19.8577914,45.2504076],[19.8577368,45.2504916],[19.8577231,45.2505012],[19.857704,45.2505012],[19.8576904,45.2504916],[19.8576903,45.2504781],[19.857745,45.2503941]],[[19.8599339,45.2510758],[19.8599475,45.2510662],[19.8599667,45.2510661],[19.8599803,45.2510757],[19.8599805,45.2510892],[19.8599262,45.2511733],[19.8599126,45.2511829],[19.8598934,45.251183],[19.8598797,45.2511735],[19.8598797,45.2511599],[19.8599339,45.2510758]],[[19.9164686,45.2469902],[19.9169522,45.2461381],[19.9176075,45.2447571],[19.9185339,45.2429026],[19.9189163,45.2416023],[19.919184,45.2405315],[19.9196429,45.2396901],[19.9201623,45.2388794],[19.9203313,45.2383134],[19.9210868,45.2373601],[19.9212061,45.2372021],[19.9223964,45.2357893],[19.9226641,45.2355216],[19.923276,45.2351392],[19.9237732,45.2347185],[19.9242321,45.2345273],[19.924844,45.2343743],[19.9247675,45.2347185],[19.9243851,45.2353687],[19.9239262,45.2357893],[19.9232515,45.2362037],[19.9226892,45.2370918],[19.9225921,45.2372766],[19.9218881,45.2375386],[19.921529,45.2373786],[19.9214942,45.2375431],[19.9213271,45.2377063],[19.9214704,45.237888],[19.92194,45.237889],[19.9222138,45.2377108],[19.9225224,45.2376187],[19.9227035,45.2377039],[19.9225632,45.238115],[19.9224817,45.2384351],[19.9222817,45.2387341],[19.922159,45.2390504],[19.922014,45.2399196],[19.9218357,45.2405268],[19.9217158,45.2409212],[19.9215551,45.2415258],[19.9215216,45.2420397],[19.9213256,45.2424819],[19.921343,45.2429352],[19.9211192,45.2438322],[19.9202982,45.2453063],[19.9192977,45.2465766],[19.9180209,45.2475383],[19.9172108,45.2475021],[19.9163786,45.2476262],[19.9163653,45.2473778],[19.9164686,45.2469902]],[[19.9237942,45.2330319],[19.9237982,45.2328844],[19.9242464,45.2321076],[19.9242655,45.2320745],[19.9249466,45.2312066],[19.9251511,45.2308168],[19.9255734,45.2303621],[19.9263205,45.2298424],[19.9269051,45.2294851],[19.9269376,45.2297774],[19.9268727,45.230427],[19.9266778,45.2310117],[19.9263529,45.2314989],[19.9261256,45.2320186],[19.9257683,45.2325384],[19.9253135,45.2330256],[19.9247184,45.2332144],[19.9242312,45.2332289],[19.9237419,45.2332141],[19.9235938,45.2331409],[19.9237942,45.2330319]]]]}},
{"type":"Feature","properties":{"natural":"water"},"geometry":{"type":"MultiPolygon","coordinates":[[[[19.8506445,45.25612],[19.8506593,45.2561266],[19.8506803,45.2561282],[19.8507288,45.2561206],[19.8507757,45.2561054],[19.8507824,45.2560967],[19.8507721,45.2560901],[19.8507255,45.2560889],[19.8507004,45.2560805],[19.8506839,45.2560809],[19.8506677,45.2560877],[19.8506391,45.2561091],[19.8506445,45.25612]]]]}},
{"type":"Feature","properties":{"int_name":"Popovicko jezero","name":"Поповичко језеро","name:sr":"Поповичко језеро","name:sr-Latn":"Popovičko jezero","natural":"water","water":"pond"},"geometry":{"type":"MultiPolygon","coordinates":[[[[19.8194822,45.1838824],[19.8195661,45.1839078],[19.8197184,45.1839137],[19.819897,45.1839102],[19.8200644,45.1838606],[19.8200873,45.1837688],[19.8200552,45.1836857],[19.8201195,45.1835949],[19.8201517,45.1835192],[19.8201625,45.1834437],[19.8201212,45.1833545],[19.8200411,45.1832806],[19.8199111,45.1832278],[19.8197756,45.1832047],[19.819667,45.1832488],[19.8196223,45.1833427],[19.8195807,45.1834782],[19.8195118,45.1836449],[19.8194263,45.1837482],[19.8194822,45.1838824]]]]}},
{"type":"Feature","properties":{"natural":"water","wetland":"marsh"},"geometry":{"type":"MultiPolygon","coordinates":[[[[19.8428703,45.2974257],[19.8430867,45.2974067],[19.843252,45.2974024],[19.8433482,45.2974405],[19.843438,45.2974231],[19.8434414,45.2970099],[19.8434232,45.2968227],[19.8432669,45.2967623],[19.8431648,45.296802],[19.8431408,45.2969246],[19.8430025,45.2970134],[19.8428973,45.297043],[19.842732,45.297227],[19.8427243,45.2972384],[19.8426377,45.2973663],[19.8428703,45.2974257]]]]}},
{"type":"Feature","properties":{"natural":"water"},"geometry":{"type":"MultiPolygon","coordinates":[[[[19.8419919,45.3087105],[19.8422299,45.3090453],[19.8422384,45.309141],[19.8423234,45.3092695],[19.8424255,45.3092965],[19.8425818,45.3094631],[19.8426338,45.309422],[19.8427358,45.309422],[19.8426975,45.3093054],[19.8426593,45.3090962],[19.8426933,45.3089945],[19.8426295,45.3089018],[19.842621,45.3087763],[19.8427358,45.3086956],[19.8428293,45.3086507],[19.8428123,45.3085341],[19.8426083,45.3085341],[19.8423617,45.3085401],[19.8421322,45.3085072],[19.8419706,45.3085909],[19.8419919,45.3087105]]]]}},
{"type":"Feature","properties":{"natural":"water"},"geometry":{"type":"MultiPolygon","coordinates":[[[[19.8469175,45.3108831],[19.8471673,45.3105983],[19.8469282,45.3104945],[19.8466784,45.3107793],[19.8469175,45.3108831]]]]}},
{"type":"Feature","properties":{"natural":"water"},"geometry":{"type":"MultiPolygon","coordinates":[[[[19.846213,45.3104354],[19.8464213,45.3101694],[19.846298,45.3101335],[19.8461152,45.3103308],[19.8461109,45.3103996],[19.846213,45.3104354]]]]}},
{"type":"Feature","properties":{"natural":"water"},"geometry":{"type":"MultiPolygon","coordinates":[[[[19.8458238,45.3109069],[19.8461534,45.3105341],[19.8460557,45.3104982],[19.8460047,45.310564],[19.8459154,45.310555],[19.8456986,45.3108211],[19.8458238,45.3109069]]]]}},
{"type":"Feature","properties":{"natural":"water"},"geometry":{"type":"MultiPolygon","coordinates":[[[[19.845231,45.3106656],[19.8452225,45.3103547],[19.8450355,45.3103009],[19.8449462,45.3102501],[19.8448314,45.3102023],[19.8446572,45.3101784],[19.8445891,45.3101574],[19.8445466,45.3100767],[19.8435264,45.3100648],[19.845231,45.3106656]]]]}},
{"type":"Feature","properties":{"natural":"water"},"geometry":{"type":"MultiPolygon","coordinates":[[[[19.73363,45.3446482],[19.7336568,45.3447463],[19.7336676,45.3448744],[19.7337158,45.3450026],[19.7337105,45.3451384],[19.7337802,45.3451761],[19.7338432,45.3451557],[19.7338553,45.345078],[19.7338379,45.3448239],[19.7338714,45.34475],[19.7339291,45.3446316],[19.7340256,45.3445675],[19.7341007,45.3444431],[19.7341597,45.3443677],[19.7341222,45.3442961],[19.7340913,45.3442071],[19.7341812,45.3441113],[19.7342576,45.3441128],[19.734267,45.3441905],[19.7342348,45.3442735],[19.7342845,45.3443579],[19.7343099,45.3444017],[19.7344119,45.3444092],[19.7344441,45.3442772],[19.734487,45.344183],[19.7345406,45.3441943],[19.7347176,45.3442546],[19.7348357,45.3442885],[19.7349537,45.3441603],[19.7350663,45.3440472],[19.735179,45.3438172],[19.7351683,45.3437117],[19.7351857,45.343585],[19.7352487,45.3434025],[19.735352,45.3432042],[19.7354043,45.343082],[19.7354955,45.3428709],[19.7355223,45.3428143],[19.7354901,45.342656],[19.7355169,45.3425692],[19.7355813,45.3424938],[19.7356135,45.3424146],[19.7355867,45.3423656],[19.7355129,45.3423558],[19.7354472,45.3423845],[19.7353413,45.3424312],[19.7352273,45.3424825],[19.7351374,45.3425481],[19.7350985,45.3426107],[19.7350127,45.3426748],[19.7349604,45.3427857],[19.734841,45.3428332],[19.7348088,45.3429387],[19.7347404,45.3430458],[19.7345728,45.3431159],[19.7344977,45.3432291],[19.7344883,45.3433475],[19.7344186,45.3434606],[19.7342416,45.3435247],[19.7341825,45.343585],[19.734086,45.3436679],[19.7340806,45.3437358],[19.7341329,45.3438323],[19.7341973,45.3438964],[19.7342134,45.343919],[19.7341597,45.3439417],[19.7340699,45.3438942],[19.7339411,45.3438602],[19.7338339,45.3440337],[19.7337802,45.3441769],[19.7336944,45.344324],[19.7336072,45.3444205],[19.7335442,45.3445804],[19.73363,45.3446482]]]]}},
{"type":"Feature","properties":{"image":"https://photos.app.goo.gl/CD29bT3Z8mEVccM16","natural":"water"},"geometry":{"type":"MultiPolygon","coordinates":[[[[19.8505662,45.2547195],[19.8505736,45.2547441],[19.8505823,45.2547696],[19.8505884,45.2547885],[19.8505937,45.2548078],[19.8505978,45.254821],[19.8505991,45.2548333],[19.8506018,45.2548505],[19.8506011,45.2548739],[19.8506027,45.254913],[19.8506024,45.2549478],[19.8506065,45.2549711],[19.8506085,45.254994],[19.85061,45.2550116],[19.8506182,45.2550342],[19.8506289,45.2550526],[19.8506406,45.2550672],[19.8506669,45.255086],[19.850703,45.2551009],[19.8507547,45.2551151],[19.850812,45.2551276],[19.850875,45.2551446],[19.8509206,45.2551615],[19.8509544,45.2551772],[19.8509887,45.2551949],[19.8510205,45.2551998],[19.8510443,45.2551987],[19.8510809,45.2551849],[19.851134,45.2551646],[19.8511671,45.2551489],[19.8512059,45.2551241],[19.8512227,45.2551064],[19.8512328,45.2550851],[19.8512455,45.2550412],[19.8512467,45.2550219],[19.8512374,45.2550076],[19.8512257,45.2550018],[19.8512088,45.2549986],[19.851157,45.2550044],[19.8510849,45.2550209],[19.8510256,45.2550247],[19.8509495,45.2550205],[19.8508794,45.2550058],[19.850862,45.2550004],[19.8508432,45.2549903],[19.8508234,45.2549799],[19.8508133,45.2549711],[19.8508014,45.2549561],[19.8507999,45.2549457],[19.8507999,45.2549352],[19.8508022,45.254924],[19.8508066,45.2549147],[19.8508153,45.2549003],[19.8508278,45.2548864],[19.8508388,45.254871],[19.8508405,45.2548604],[19.8508418,45.2548508],[19.8508408,45.2548383],[19.8508284,45.254817],[19.8508133,45.2548029],[19.8507778,45.25478],[19.8507473,45.2547571],[19.8507211,45.254733],[19.8506993,45.2547103],[19.8506621,45.25469],[19.8506252,45.2546778],[19.8505954,45.2546714],[19.8505796,45.254676],[19.8505706,45.254682],[19.8505624,45.254691],[19.8505615,45.2547042],[19.8505662,45.2547195]],[[19.8506407,45.2549964],[19.850644,45.2549869],[19.8506524,45.254981],[19.8506651,45.254982],[19.8506775,45.2549869],[19.8507164,45.2550096],[19.8507446,45.2550148],[19.8507775,45.2550247],[19.8507794,45.2550378],[19.8507711,45.2550507],[19.8507444,45.2550577],[19.8507151,45.2550526],[19.8506822,45.2550351],[19.8506474,45.2550242],[19.8506403,45.2550115],[19.8506407,45.2549964]]]]}},
{"type":"Feature","properties":{"natural":"water"},"geometry":{"type":"MultiPolygon","coordinates":[[[[19.976387,45.2893944],[19.9791866,45.2897004],[19.9792815,45.2896837],[19.9793527,45.2895724],[19.9790996,45.2893109],[19.9764977,45.289016],[19.9764107,45.2890271],[19.9763237,45.2893443],[19.976387,45.2893944]]]]}},
{"type":"Feature","properties":{"natural":"water"},"geometry":{"type":"MultiPolygon","coordinates":[[[[19.9790601,45.2891996],[19.9794555,45.2889882],[19.979843,45.2869072],[19.9797956,45.2868739],[19.9795109,45.2868293],[19.9795662,45.2866123],[19.9795188,45.2865456],[19.9788544,45.2865456],[19.9786963,45.2866513],[19.9782218,45.2891273],[19.9790601,45.2891996]]]]}},
{"type":"Feature","properties":{"natural":"water"},"geometry":{"type":"MultiPolygon","coordinates":[[[[19.976466,45.288927],[19.9780873,45.2890995],[19.9783008,45.2880479],[19.9782376,45.2879867],[19.9780952,45.2879422],[19.9775258,45.2878698],[19.9769089,45.287842],[19.9767587,45.2878476],[19.9766875,45.2879143],[19.9764423,45.2888491],[19.976466,45.288927]]]]}},
{"type":"Feature","properties":{"natural":"water"},"geometry":{"type":"MultiPolygon","coordinates":[[[[19.9775812,45.2877697],[19.9782297,45.2878587],[19.9783087,45.2878198],[19.978546,45.2866235],[19.9784906,45.2865901],[19.9778342,45.2866402],[19.977771,45.2866736],[19.9775258,45.287714],[19.9775812,45.2877697]]]]}},
{"type":"Feature","properties":{"natural":"water"},"geometry":{"type":"MultiPolygon","coordinates":[[[[19.9771541,45.287753],[19.977336,45.2877697],[19.9776523,45.2866457],[19.9775732,45.2866012],[19.9773518,45.2866346],[19.9773123,45.2866791],[19.977075,45.287714],[19.9771541,45.287753]]]]}},
{"type":"Feature","properties":{"natural":"water"},"geometry":{"type":"MultiPolygon","coordinates":[[[[19.976814,45.292638],[19.9784274,45.2925601],[19.9784195,45.2924322],[19.9768061,45.2924711],[19.976814,45.292638]]]]}},
{"type":"Feature","properties":{"int_name":"Ledinacko jezero","name":"Лединачко језеро","name:sr":"Лединачко језеро","name:sr-Latn":"Ledinačko jezero","natural":"water","water":"lake","wikidata":"Q1279897","wikipedia":"sr:Лединачко језеро"},"geometry":{"type":"MultiPolygon","coordinates":[[[[19.8012485,45.1657028],[19.8012847,45.1658002],[19.8014228,45.1658654],[19.8014496,45.1659401],[19.8016964,45.165977],[19.8019163,45.1659373],[19.8019968,45.1658616],[19.80197,45.1657746],[19.8021081,45.1657586],[19.8021778,45.165976],[19.8022476,45.1660347],[19.802556,45.1661557],[19.8028591,45.1662692],[19.8030174,45.1662673],[19.8031059,45.1662011],[19.8033157,45.1660842],[19.8037038,45.1659762],[19.8039774,45.1659028],[19.8041076,45.1658293],[19.8044523,45.1657735],[19.8046199,45.1658004],[19.8048733,45.1656667],[19.8052118,45.1655326],[19.805395,45.1655407],[19.8054743,45.1654938],[19.8054662,45.1654182],[19.8056073,45.1653115],[19.8056969,45.1649765],[19.8057817,45.1648986],[19.8057999,45.1647825],[19.8058549,45.1647423],[19.8058842,45.1645709],[19.8058396,45.164494],[19.8057503,45.1644821],[19.8054904,45.1644839],[19.8052248,45.1644881],[19.8048919,45.1645276],[19.8047047,45.1645841],[19.8044711,45.1647052],[19.8044254,45.1648179],[19.8039106,45.1649605],[19.8032454,45.1650002],[19.8027116,45.1650248],[19.8023656,45.1650002],[19.8019445,45.165004],[19.8017514,45.1650664],[19.801459,45.1653577],[19.8013316,45.1654068],[19.8012726,45.1655591],[19.8011747,45.1655903],[19.8012485,45.1657028]]]]}},
{"type":"Feature","properties":{"natural":"water","water":"reservoir"},"geometry":{"type":"MultiPolygon","coordinates":[[[[19.836619,45.301327],[19.8366404,45.3013459],[19.8366699,45.301361],[19.8369033,45.301395],[19.8369462,45.3013893],[19.8369811,45.301378],[19.8370052,45.3013497],[19.8371071,45.3010629],[19.8371018,45.3010327],[19.8370881,45.3010033],[19.8370649,45.3009876],[19.8368228,45.3009384],[19.8367853,45.3009403],[19.8367477,45.3009554],[19.8367263,45.3009761],[19.836619,45.3012969],[19.836619,45.301327]]]]}},
{"type":"Feature","properties":{"natural":"water","water":"reservoir"},"geometry":{"type":"MultiPolygon","coordinates":[[[[19.8370749,45.3014044],[19.8370934,45.3014221],[19.837139,45.3014429],[19.8373512,45.3014817],[19.8373858,45.3014806],[19.8374236,45.3014685],[19.8374478,45.3014516],[19.8375738,45.3011327],[19.8375658,45.3011044],[19.837547,45.3010761],[19.8375121,45.3010629],[19.8372842,45.3010252],[19.8372332,45.3010308],[19.8372064,45.3010478],[19.8371876,45.3010667],[19.8370749,45.3013742],[19.8370749,45.3014044]]]]}},
{"type":"Feature","properties":{"natural":"water","water":"reservoir"},"geometry":{"type":"MultiPolygon","coordinates":[[[[19.8367243,45.3006068],[19.8367508,45.3006285],[19.8368038,45.3006472],[19.8376433,45.3008025],[19.8376835,45.3008033],[19.8377211,45.3007901],[19.8377449,45.3007715],[19.8377802,45.3006876],[19.8377802,45.3006627],[19.8377537,45.3006378],[19.8377272,45.3006254],[19.8368259,45.30047],[19.8367818,45.3004731],[19.8367464,45.3004918],[19.8367243,45.3005135],[19.8367155,45.3005726],[19.8367243,45.3006068]]]]}},
{"type":"Feature","properties":{"natural":"water","water":"reservoir"},"geometry":{"type":"MultiPolygon","coordinates":[[[[19.8368225,45.3003166],[19.8368494,45.3003524],[19.8368789,45.3003713],[19.8376299,45.300492],[19.8376701,45.300492],[19.8377103,45.3004769],[19.8377345,45.3004524],[19.8378364,45.3001619],[19.8378391,45.3001222],[19.8378123,45.3000902],[19.8377693,45.3000751],[19.8370344,45.2999581],[19.8369727,45.2999581],[19.8369352,45.2999751],[19.836911,45.2999996],[19.8368145,45.3002845],[19.8368225,45.3003166]]]]}},
{"type":"Feature","properties":{"natural":"water","water":"lake"},"geometry":{"type":"MultiPolygon","coordinates":[[[[19.8588979,45.3091151],[19.8593534,45.3091235],[19.8599048,45.3082636],[19.8594493,45.3082046],[19.8592814,45.3087273],[19.8588139,45.3086345],[19.8585502,45.3090476],[19.8588979,45.3091151]]]]}},
{"type":"Feature","properties":{"natural":"water","water":"reservoir"},"geometry":{"type":"MultiPolygon","coordinates":[[[[19.8879064,45.2660287],[19.8880667,45.2662359],[19.888093,45.2662503],[19.8881454,45.2662523],[19.888297,45.266201],[19.8885506,45.2661374],[19.8885564,45.2661026],[19.8884544,45.2659754],[19.8884048,45.2659261],[19.8883291,45.2658318],[19.8882912,45.2658338],[19.8878889,45.2659467],[19.8878802,45.2659651],[19.8879064,45.2660287]]]]}},
{"type":"Feature","properties":{"natural":"water","water":"reservoir"},"geometry":{"type":"MultiPolygon","coordinates":[[[[19.8862274,45.2800623],[19.8862575,45.2801167],[19.8863133,45.2801379],[19.8863649,45.2801197],[19.886433,45.2801448],[19.8869923,45.2795708],[19.8862931,45.2796856],[19.8861999,45.2799234],[19.8860834,45.2799972],[19.8862274,45.2800623]]]]}},
{"type":"Feature","properties":{"natural":"water","water":"lake"},"geometry":{"type":"MultiPolygon","coordinates":[[[[19.8519933,45.3106286],[19.8520684,45.3106248],[19.8522132,45.3106512],[19.852283,45.310704],[19.8524063,45.3108248],[19.8525244,45.3107908],[19.8526263,45.310704],[19.8526317,45.3106286],[19.8522454,45.3103834],[19.8521059,45.3104098],[19.8519826,45.3103758],[19.8518699,45.3105343],[19.8519933,45.3106286]]]]}},
{"type":"Feature","properties":{"natural":"water","water":"pond"},"geometry":{"type":"MultiPolygon","coordinates":[[[[19.8509526,45.3093119],[19.8509767,45.3093516],[19.8511725,45.3094251],[19.8512476,45.3094176],[19.8513013,45.3092403],[19.8514139,45.3090818],[19.8514766,45.3088873],[19.8514456,45.3087291],[19.8513962,45.3085082],[19.8512055,45.308552],[19.8511613,45.3089196],[19.8510446,45.3090098],[19.8509658,45.3091154],[19.8508778,45.3092516],[19.8509526,45.3093119]]]]}},
{"type":"Feature","properties":{"natural":"water","water":"lake"},"geometry":{"type":"MultiPolygon","coordinates":[[[[19.852135,45.3099786],[19.8521924,45.3099941],[19.8522322,45.309991],[19.8523013,45.3099639],[19.8524752,45.30973],[19.8527049,45.3095125],[19.8527226,45.3094566],[19.8526651,45.309441],[19.8526342,45.3094504],[19.8525238,45.3095063],[19.8521173,45.3099444],[19.852135,45.3099786]]]]}},
{"type":"Feature","properties":{"natural":"water","water":"lake"},"geometry":{"type":"MultiPolygon","coordinates":[[[[19.8519715,45.31028],[19.8520378,45.3102737],[19.8521747,45.3101153],[19.8522101,45.3101028],[19.8522012,45.3100687],[19.8521482,45.3100469],[19.8520687,45.3100376],[19.8519759,45.31005],[19.8519759,45.3100749],[19.8520245,45.3101028],[19.8519538,45.3101992],[19.8519361,45.3102458],[19.8519715,45.31028]]]]}},
{"type":"Feature","properties":{"natural":"water","water":"lake"},"geometry":{"type":"MultiPolygon","coordinates":[[[[19.8483781,45.3126586],[19.848514,45.3127311],[19.8487361,45.3125251],[19.8488674,45.3125951],[19.8489903,45.3124812],[19.8488034,45.3123815],[19.8486529,45.3125209],[19.8483814,45.3123761],[19.8481868,45.3125565],[19.8483781,45.3126586]]]]}},
{"type":"Feature","properties":{"natural":"water","water":"reservoir"},"geometry":{"type":"MultiPolygon","coordinates":[[[[19.7999136,45.3126362],[19.8006549,45.3118051],[19.8005662,45.311766],[19.7998248,45.312597],[19.7999136,45.3126362]]]]}},
{"type":"Feature","properties":{"natural":"water","water":"lake"},"geometry":{"type":"MultiPolygon","coordinates":[[[[19.8125711,45.3957207],[19.8128064,45.395687],[19.8128832,45.3956499],[19.8129072,45.3956095],[19.81284,45.3954847],[19.8126383,45.3954881],[19.8124559,45.3955117],[19.8125711,45.3957207]]]]}},
{"type":"Feature","properties":{"basin":"retention","natural":"water","water":"basin"},"geometry":{"type":"MultiPolygon","coordinates":[[[[19.8354335,45.3076894],[19.8361754,45.3075682],[19.8361446,45.3074748],[19.8360022,45.3074981],[19.8354027,45.307596],[19.8354335,45.3076894]]]]}},
{"type":"Feature","properties":{"basin":"retention","natural":"water","water":"basin"},"geometry":{"type":"MultiPolygon","coordinates":[[[[19.8343024,45.3073583],[19.8343042,45.3072742],[19.8336152,45.3072668],[19.8334672,45.3072652],[19.8334654,45.3073494],[19.8343024,45.3073583]]]]}},
{"type":"Feature","properties":{"fishing":"no","intermittent":"no","natural":"water","salt":"no","water":"pond"},"geometry":{"type":"MultiPolygon","coordinates":[[[[19.8524431,45.2304175],[19.8524893,45.2304717],[19.8524965,45.2305206],[19.8525541,45.2305382],[19.8526017,45.230536],[19.8526335,45.2304778],[19.8526712,45.2304308],[19.8526972,45.2303953],[19.8527472,45.2303789],[19.8527891,45.2303365],[19.8527809,45.2302755],[19.8528439,45.2302331],[19.8528864,45.2301633],[19.8529678,45.2300661],[19.8530583,45.2300334],[19.8530618,45.2299835],[19.8529957,45.229934],[19.8528293,45.2299318],[19.8527008,45.2299821],[19.8525875,45.2300619],[19.8525198,45.2301685],[19.8524289,45.2302979],[19.8524077,45.2303677],[19.8524431,45.2304175]]]]}},
{"type":"Feature","properties":{"natural":"water","water":"pond"},"geometry":{"type":"MultiPolygon","coordinates":[[[[19.9062762,45.2959797],[19.9065889,45.2961396],[19.9067973,45.2959697],[19.9068637,45.295883],[19.9067452,45.2957864],[19.9065936,45.2957097],[19.9063236,45.2958131],[19.9062051,45.2959064],[19.9062762,45.2959797]]]]}},
{"type":"Feature","properties":{"natural":"water","water":"pond"},"geometry":{"type":"MultiPolygon","coordinates":[[[[19.90684,45.2961896],[19.9069726,45.296093],[19.9071148,45.295983],[19.9070911,45.2959297],[19.9069158,45.295963],[19.9068116,45.2960697],[19.9067784,45.2961396],[19.90684,45.2961896]]]]}},
{"type":"Feature","properties":{"natural":"water","water":"pond"},"geometry":{"type":"MultiPolygon","coordinates":[[[[19.9093591,45.2986239],[19.9099063,45.2985031],[19.9102443,45.2983824],[19.9102282,45.2983333],[19.9101477,45.2982767],[19.9096488,45.2984427],[19.9093377,45.2985333],[19.9093591,45.2986239]]]]}},
{"type":"Feature","properties":{"natural":"water","water":"pond"},"geometry":{"type":"MultiPolygon","coordinates":[[[[19.9115264,45.2978428],[19.9118911,45.2976126],[19.9122988,45.2973182],[19.9122827,45.297273],[19.912154,45.2972201],[19.9114405,45.2976918],[19.9114137,45.2977597],[19.9115264,45.2978428]]]]}},
{"type":"Feature","properties":{"natural":"water","water":"pond"},"geometry":{"type":"MultiPolygon","coordinates":[[[[19.9086734,45.2966752],[19.9087295,45.2966711],[19.9087647,45.2966319],[19.9088276,45.2964161],[19.9089606,45.2962836],[19.909367,45.2959977],[19.9096553,45.2957533],[19.9095924,45.2956962],[19.9094483,45.2957871],[19.9092821,45.2960055],[19.9091343,45.2960549],[19.9088423,45.2962498],[19.9087574,45.296385],[19.9086169,45.2964785],[19.9085955,45.2966104],[19.9086734,45.2966752]]]]}},
{"type":"Feature","properties":{"natural":"water","water":"pond"},"geometry":{"type":"MultiPolygon","coordinates":[[[[19.909973,45.2955376],[19.9101836,45.2955038],[19.9103869,45.295431],[19.9103647,45.2953634],[19.9103019,45.2952907],[19.910106,45.2952803],[19.9099878,45.2953401],[19.9098843,45.29547],[19.909973,45.2955376]]]]}},
{"type":"Feature","properties":{"natural":"water","water":"pond"},"geometry":{"type":"MultiPolygon","coordinates":[[[[19.9059777,45.2955198],[19.9062004,45.2957197],[19.9063425,45.2957131],[19.9064373,45.2956731],[19.9064989,45.2955764],[19.906371,45.2953831],[19.9063946,45.2951165],[19.9062051,45.2948566],[19.9060393,45.2949632],[19.9059777,45.2950399],[19.9059825,45.2951832],[19.9059114,45.2953032],[19.9059777,45.2955198]]]]}},
{"type":"Feature","properties":{"name":"Црни вир","name:en":"Crni vir","name:sr":"Црни вир","name:sr-Latn":"Crni vir","natural":"water","water":"fishpond"},"geometry":{"type":"MultiPolygon","coordinates":[[[[19.9071309,45.2964526],[19.9073066,45.2968823],[19.9075953,45.2969676],[19.907884,45.2970912],[19.9080137,45.2972855],[19.9078714,45.2976269],[19.9077961,45.2978918],[19.9077919,45.2980507],[19.9078421,45.2981625],[19.908227,45.2982243],[19.9083526,45.2982302],[19.9084195,45.2981449],[19.9084279,45.2980301],[19.9082898,45.2978329],[19.9081768,45.2976887],[19.9082187,45.2975563],[19.9083651,45.2973591],[19.9083484,45.2971001],[19.908303,45.2969665],[19.908077,45.2967933],[19.9080137,45.2967057],[19.9072187,45.2961171],[19.9070555,45.2961759],[19.9069677,45.2962819],[19.9071309,45.2964526]]]]}},
{"type":"Feature","properties":{"natural":"water","water":"pond"},"geometry":{"type":"MultiPolygon","coordinates":[[[[19.9104106,45.2983258],[19.9108075,45.2981899],[19.9110865,45.2981824],[19.9111723,45.2981635],[19.911462,45.2978956],[19.9113547,45.2977824],[19.9111991,45.2978126],[19.9108665,45.2978163],[19.9107271,45.2978578],[19.9106788,45.2979333],[19.9106681,45.2979937],[19.9105125,45.298039],[19.9104374,45.2980956],[19.9104427,45.2981484],[19.9103408,45.2982239],[19.9103033,45.2982918],[19.9104106,45.2983258]]]]}},
{"type":"Feature","properties":{"name":"Бели вир","name:en":"Beli vir","name:sr":"Бели вир","name:sr-Latn":"Beli vir","natural":"water","water":"pond"},"geometry":{"type":"MultiPolygon","coordinates":[[[[19.915339,45.3001592],[19.9155589,45.300246],[19.9156287,45.300212],[19.9157199,45.3001479],[19.9159237,45.300163],[19.916031,45.3001252],[19.9161544,45.3000384],[19.9161866,45.2999554],[19.9162188,45.2998271],[19.9164441,45.2996422],[19.9162349,45.2994762],[19.916428,45.2993592],[19.9163207,45.2993253],[19.9158272,45.2994951],[19.9154999,45.2996271],[19.915398,45.2996951],[19.9152263,45.2997894],[19.9151459,45.29988],[19.9151244,45.3000573],[19.915339,45.3001592]]]]}},
{"type":"Feature","properties":{"name":"Касапска ада","name:en":"Kasapska ada","name:sr":"Касапска ада","name:sr-Latn":"Kasapska ada","natural":"water","water":"pond"},"geometry":{"type":"MultiPolygon","coordinates":[[[[19.8472365,45.3095355],[19.8473923,45.3096283],[19.8475242,45.3095439],[19.8473444,45.3093922],[19.8474283,45.3093163],[19.8477639,45.3095608],[19.8478838,45.3095524],[19.8481475,45.3097716],[19.8479317,45.3098727],[19.8478838,45.3100329],[19.8480276,45.3100751],[19.8482075,45.3102099],[19.848639,45.3103533],[19.8496339,45.3091562],[19.8494421,45.308996],[19.8491305,45.3089285],[19.8490945,45.3090971],[19.8489626,45.3090887],[19.8489027,45.3087936],[19.8486989,45.3088021],[19.8486869,45.3087178],[19.8482194,45.3084733],[19.8474283,45.3083215],[19.8476321,45.3086841],[19.8474762,45.3088527],[19.8474642,45.3090381],[19.8473084,45.3091983],[19.8472605,45.3093163],[19.8471286,45.3094512],[19.8472365,45.3095355]],[[19.8484712,45.3095314],[19.8487349,45.3096957],[19.848603,45.3097378],[19.8483865,45.3095947],[19.8484712,45.3095314]]],[[[19.8492928,45.3106306],[19.8494104,45.3106218],[19.8496396,45.3104259],[19.8496891,45.3102865],[19.8498749,45.3101515],[19.8501536,45.3097682],[19.8502775,45.3096506],[19.8503765,45.3095243],[19.8502403,45.3094111],[19.8499368,45.3092717],[19.8496953,45.3093936],[19.8496272,45.3095243],[19.8495776,45.3097551],[19.8496829,45.3098422],[19.8497634,45.3099555],[19.8496272,45.3100165],[19.8494848,45.3099816],[19.8493299,45.3100687],[19.8493299,45.3101602],[19.8493423,45.310195],[19.8491379,45.3101515],[19.8491132,45.3102255],[19.8490884,45.3103518],[19.8490822,45.3105043],[19.8492928,45.3106306]]],[[[19.8499086,45.3106497],[19.8500234,45.3107429],[19.8499439,45.310805],[19.8499439,45.3108796],[19.8500234,45.310979],[19.8501913,45.3110909],[19.8504211,45.3111779],[19.8504564,45.3112338],[19.8508187,45.3114451],[19.8509424,45.3116439],[19.8512251,45.3117309],[19.8513223,45.3117185],[19.8514372,45.3116626],[19.8515167,45.3117371],[19.8516139,45.3117434],[19.851773,45.3117185],[19.8517995,45.3116501],[19.8519232,45.3116564],[19.8520027,45.311588],[19.8520027,45.3114016],[19.8520999,45.3112897],[19.8520911,45.3112152],[19.8521264,45.3110412],[19.8520292,45.3109169],[19.8519144,45.3107615],[19.8517995,45.3106124],[19.8518525,45.3103514],[19.8508629,45.3099226],[19.8509512,45.309817],[19.8511721,45.3096616],[19.851234,45.3094752],[19.8507833,45.3094255],[19.8505978,45.3096368],[19.8504829,45.309761],[19.850156,45.3100718],[19.8501471,45.3101836],[19.8499527,45.310283],[19.8500058,45.310426],[19.8498909,45.3104633],[19.8498202,45.3105813],[19.8499086,45.3106497]]]]}},
{"type":"Feature","properties":{"natural":"water","water":"canal"},"geometry":{"type":"MultiPolygon","coordinates":[[[[19.7644555,45.2949255],[19.7841538,45.2900007],[19.7862356,45.2895055],[19.787138,45.2892997],[19.7897948,45.2886756],[19.79335,45.2878057],[19.7963118,45.287081],[19.8012842,45.2858643],[19.8044795,45.2850991],[19.8046968,45.2850471],[19.8048013,45.2850264],[19.8050235,45.2849681],[19.8050724,45.2849571],[19.8055565,45.2848412],[19.8083139,45.2841044],[19.8100009,45.2836964],[19.8109559,45.2834654],[19.8116809,45.2833273],[19.812689,45.2832792],[19.8131699,45.2832442],[19.8140214,45.2830244],[19.8156683,45.2826423],[19.8161818,45.2824169],[19.8161473,45.2823492],[19.8161399,45.2823346],[19.8162046,45.2823164],[19.816173,45.2822518],[19.8161252,45.2822662],[19.8155736,45.2823677],[19.8154004,45.2824122],[19.8148462,45.2825488],[19.8135896,45.2828566],[19.8135803,45.2828563],[19.8135722,45.2828527],[19.8135687,45.2828482],[19.8135697,45.2828414],[19.813575,45.2828346],[19.8144378,45.2826246],[19.815541,45.2823508],[19.816058,45.2821071],[19.8161332,45.2820889],[19.8163068,45.282047],[19.8165831,45.2819803],[19.8172774,45.2818137],[19.8173745,45.2818013],[19.8173179,45.2816926],[19.8171333,45.2817392],[19.8161176,45.2819845],[19.816111,45.281972],[19.8159977,45.2819969],[19.8160058,45.2820169],[19.8152313,45.2820636],[19.8132583,45.2825227],[19.8132515,45.2825186],[19.8132479,45.2825103],[19.8132501,45.2825017],[19.8152251,45.2820375],[19.8159807,45.2819958],[19.8159493,45.2819215],[19.8153229,45.2819118],[19.8130496,45.282437],[19.8127395,45.2824911],[19.8116711,45.2827073],[19.8103194,45.2830556],[19.8077998,45.2836648],[19.8059744,45.2841488],[19.8054787,45.2842363],[19.8049507,45.2843636],[19.8043612,45.2845056],[19.8041729,45.284551],[19.8028582,45.2848679],[19.7880786,45.288555],[19.7879122,45.2885965],[19.7876219,45.2886479],[19.7870198,45.2887886],[19.7855554,45.2891309],[19.7832263,45.2897541],[19.7817421,45.2901365],[19.7658233,45.2940478],[19.76418,45.2944459],[19.7644555,45.2949255]]]]}},
{"type":"Feature","properties":{"natural":"water","water":"fishpond"},"geometry":{"type":"MultiPolygon","coordinates":[[[[19.8049504,45.4175871],[19.8063567,45.4179027],[19.8064605,45.4178299],[19.8068294,45.4165352],[19.8068294,45.4164785],[19.8050195,45.4160578],[19.8049273,45.4161063],[19.8049158,45.4174091],[19.8049504,45.4175871]]]]}},
{"type":"Feature","properties":{"natural":"water","water":"fishpond"},"geometry":{"type":"MultiPolygon","coordinates":[[[[19.804616,45.4185176],[19.8059417,45.418817],[19.8060224,45.4187523],[19.8063798,45.4180564],[19.8051117,45.4177732],[19.8049158,45.4177975],[19.8045469,45.4183234],[19.804616,45.4185176]]]]}},
{"type":"Feature","properties":{"natural":"water","water":"fishpond"},"geometry":{"type":"MultiPolygon","coordinates":[[[[19.8054922,45.4160982],[19.805619,45.4160901],[19.805861,45.4154104],[19.805861,45.4153052],[19.8055152,45.4152081],[19.8056997,45.4152324],[19.8058841,45.4147954],[19.8058726,45.4147388],[19.8052731,45.4145769],[19.8051924,45.414585],[19.8049849,45.4150544],[19.8051002,45.4151272],[19.8049619,45.415111],[19.8049504,45.4151919],[19.8049042,45.4159688],[19.8054922,45.4160982]]]]}},
{"type":"Feature","properties":{"natural":"water","water":"fishpond"},"geometry":{"type":"MultiPolygon","coordinates":[[[[19.8058668,45.4161427],[19.8067602,45.4163693],[19.8068755,45.4163653],[19.8070253,45.4159404],[19.8069619,45.4158838],[19.8066219,45.4158029],[19.806668,45.4157624],[19.8069504,45.4158231],[19.8070484,45.415811],[19.8071464,45.4154671],[19.8062415,45.4151555],[19.8061319,45.4152162],[19.8060282,45.4155763],[19.8061031,45.4156451],[19.8064144,45.4157543],[19.8060916,45.4156855],[19.8059994,45.4156815],[19.8058495,45.4160901],[19.8058668,45.4161427]]]]}},
{"type":"Feature","properties":{"natural":"water","water":"fishpond"},"geometry":{"type":"MultiPolygon","coordinates":[[[[19.807129,45.4174744],[19.8071812,45.4174423],[19.8075663,45.4166864],[19.8074227,45.4166406],[19.807253,45.4167093],[19.806881,45.4166681],[19.8068288,45.4167689],[19.8067766,45.4171171],[19.8066526,45.4173873],[19.807129,45.4174744]]]]}},
{"type":"Feature","properties":{"natural":"water","water":"fishpond"},"geometry":{"type":"MultiPolygon","coordinates":[[[[19.8070311,45.416407],[19.8073444,45.416494],[19.8074227,45.4165811],[19.8075728,45.416604],[19.8076446,45.4165627],[19.8079122,45.4159626],[19.8078861,45.415903],[19.8072204,45.4157793],[19.807129,45.4158251],[19.8070442,45.4162191],[19.8069658,45.4163795],[19.8070311,45.416407]]]]}},
{"type":"Feature","properties":{"natural":"water","water":"fishpond"},"geometry":{"type":"MultiPolygon","coordinates":[[[[19.8061447,45.4148162],[19.8071128,45.4151638],[19.8071719,45.4151327],[19.8073197,45.4147799],[19.8070906,45.4145776],[19.8064108,45.4142871],[19.8062334,45.4142508],[19.8061225,45.4145206],[19.8060708,45.4147332],[19.8061447,45.4148162]]]]}},
{"type":"Feature","properties":{"natural":"water","water":"fishpond"},"geometry":{"type":"MultiPolygon","coordinates":[[[[19.8052431,45.4145206],[19.8059008,45.4146762],[19.80596,45.4146399],[19.8061521,45.4142715],[19.8061521,45.4141989],[19.8056126,45.4140381],[19.8054722,45.4140329],[19.8052357,45.4144427],[19.8052431,45.4145206]]]]}},
{"type":"Feature","properties":{"natural":"water","water":"oxbow"},"geometry":{"type":"MultiPolygon","coordinates":[[[[19.915757903206813,45.218906150601164],[19.9156484,45.2190963],[19.9158622,45.2191617],[19.915965941071601,45.219029353187885],[19.915757903206813,45.218906150601164]]]]}},
{"type":"Feature","properties":{"intermittent":"yes","natural":"water","water":"pond"},"geometry":{"type":"MultiPolygon","coordinates":[[[[19.8897894,45.2537465],[19.8900873,45.2537717],[19.8907307,45.2536375],[19.8910286,45.2534446],[19.8914457,45.2532684],[19.8920533,45.2532516],[19.8937573,45.2530252],[19.8955327,45.252589],[19.8974749,45.251985],[19.8993933,45.2515404],[19.8994616,45.2514627],[19.8995482,45.2513643],[19.8989643,45.2515404],[19.89676,45.2520353],[19.8954612,45.252287],[19.8944722,45.2524296],[19.891815,45.2529077],[19.8914933,45.2530839],[19.8912073,45.2532349],[19.8905997,45.2531845],[19.8898371,45.2534362],[19.8896345,45.2536291],[19.8897894,45.2537465]]]]}},
{"type":"Feature","properties":{"natural":"water"},"geometry":{"type":"MultiPolygon","coordinates":[[[[19.9169129,45.2989431],[19.9171617,45.2989829],[19.9173822,45.2989232],[19.9187107,45.2985176],[19.9195474,45.2982631],[19.9195587,45.2982114],[19.9194174,45.2980444],[19.9186485,45.2982909],[19.9184506,45.2982909],[19.9181962,45.2983188],[19.9167207,45.2988636],[19.9169129,45.2989431]]]]}},
{"type":"Feature","properties":{"name":"Аркањ","name:en":"Arkanj","name:sr":"Аркањ","name:sr-Latn":"Arkanj","natural":"water"},"geometry":{"type":"MultiPolygon","coordinates":[[[[20.0650642,45.1933958],[20.0657027,45.1930819],[20.066318,45.1928295],[20.066726,45.1925565],[20.0668645,45.1924638],[20.0671584,45.1923408],[20.0677095,45.191878],[20.0685407,45.1915253],[20.0690893,45.1914634],[20.0692295,45.1914476],[20.0706026,45.1914702],[20.0720859,45.1916515],[20.0734403,45.1918796],[20.0743106,45.1920775],[20.0747733,45.1922045],[20.0752545,45.1923356],[20.0754455,45.1923876],[20.0755591,45.1919597],[20.0754612,45.1919524],[20.0752895,45.1919147],[20.0749009,45.1918294],[20.0743958,45.1916158],[20.0734498,45.1913375],[20.0720721,45.1910786],[20.0697576,45.1907744],[20.0688086,45.1908041],[20.0685176,45.1908132],[20.0668185,45.1913505],[20.0648989,45.1925155],[20.0644121,45.1932534],[20.0650642,45.1933958]]]]}},
{"type":"Feature","properties":{"natural":"water"},"geometry":{"type":"MultiPolygon","coordinates":[[[[20.0760254,45.1925002],[20.0762448,45.1925624],[20.0778879,45.1927454],[20.0791803,45.1930155],[20.0801414,45.1930979],[20.0814144,45.1932947],[20.0827912,45.1937798],[20.0840836,45.1941414],[20.0850318,45.1942695],[20.0857462,45.1942329],[20.085902,45.1940407],[20.0857137,45.1937386],[20.0855189,45.1935647],[20.0848499,45.1936974],[20.0841355,45.1937432],[20.0837069,45.193702],[20.0829341,45.1935189],[20.0822197,45.1932535],[20.0814468,45.1929423],[20.0808428,45.1928141],[20.080083,45.19275],[20.0795439,45.1926219],[20.0785196,45.1923761],[20.077608,45.1923194],[20.0768639,45.192212],[20.0763882,45.1921639],[20.0761154,45.1920861],[20.0759254,45.1921204],[20.0758556,45.1924202],[20.0760254,45.1925002]]]]}},
{"type":"Feature","properties":{"natural":"water"},"geometry":{"type":"MultiPolygon","coordinates":[[[[19.9311715,45.2364844],[19.9313039,45.2369636],[19.9326233,45.2359854],[19.9406417,45.2315577],[19.9418508,45.2304073],[19.9418543,45.2300966],[19.9410569,45.2300568],[19.9404978,45.2301893],[19.9401075,45.2301857],[19.9393378,45.2304487],[19.9384661,45.2309979],[19.9379177,45.231546],[19.9373764,45.2319962],[19.9361497,45.2329662],[19.9348538,45.2339584],[19.9339221,45.2341226],[19.9335911,45.2342623],[19.9332014,45.2348893],[19.9320924,45.2354223],[19.9312227,45.2356652],[19.9307572,45.2357958],[19.9305546,45.2360186],[19.9303876,45.2362151],[19.9301458,45.2365379],[19.9311715,45.2364844]]]]}},
{"type":"Feature","properties":{"intermittent":"no","natural":"water","water":"oxbow"},"geometry":{"type":"MultiPolygon","coordinates":[[[[20.0465313,45.1897371],[20.046693464578588,45.190644425740324],[20.0469643,45.1906685],[20.0468624,45.1898457],[20.0469795,45.1889139],[20.046762,45.186838],[20.0456239,45.1845378],[20.0445602,45.1825051],[20.043579,45.1815675],[20.0419394,45.1802613],[20.0409084,45.1796483],[20.0396158,45.1789581],[20.0383271,45.1784863],[20.0366703,45.1774481],[20.0364884,45.1775659],[20.0368376,45.1777076],[20.0377748,45.1785452],[20.0392643,45.1798783],[20.0395823,45.1804091],[20.040513076924363,45.181333557146225],[20.041004,45.1816717],[20.041258294814238,45.181871660000695],[20.0415906,45.1820842],[20.0429295,45.1832167],[20.0434148,45.1830987],[20.0440173,45.1833464],[20.0439504,45.1837357],[20.044352,45.1843137],[20.0442683,45.184644],[20.0440006,45.1849861],[20.0444859,45.185222],[20.0451553,45.1861067],[20.0455737,45.1872626],[20.0463938,45.189256],[20.046417040149887,45.189553843154563],[20.0465313,45.1897371]]]]}},
{"type":"Feature","properties":{"natural":"water","water":"oxbow"},"geometry":{"type":"MultiPolygon","coordinates":[[[[20.0467432,45.1909227],[20.0466766,45.1912871],[20.046884718973057,45.192995181703218],[20.0469696,45.1933224],[20.0471467,45.1944717],[20.0474095,45.1953865],[20.0476187,45.1966604],[20.0478709,45.1976622],[20.048064,45.1986337],[20.048182,45.1990873],[20.0480533,45.199556],[20.0478387,45.2015291],[20.0475168,45.2025043],[20.046857,45.2037667],[20.0459987,45.2049082],[20.0445449,45.2061554],[20.0432306,45.2069529],[20.0408328,45.2084004],[20.0395238,45.2087935],[20.0386494,45.2089787],[20.0380647,45.2090165],[20.0372064,45.2090581],[20.0375551,45.2091223],[20.0386387,45.2091525],[20.0388533,45.2093717],[20.0383329,45.2095418],[20.037539,45.2097761],[20.034728,45.2101843],[20.0341487,45.2099575],[20.0317132,45.2104451],[20.0308174,45.2101276],[20.0292134,45.2100218],[20.0278401,45.2098517],[20.0255012,45.2092243],[20.0253296,45.2091336],[20.0257749,45.2089506],[20.0261211,45.2088244],[20.0260463,45.2086972],[20.0256495,45.2086923],[20.0250292,45.2089485],[20.0246322,45.2089768],[20.024085,45.2091147],[20.0227976,45.2099311],[20.0223255,45.210241],[20.0210971,45.2111291],[20.0198874,45.2114371],[20.0196192,45.2114976],[20.0193322,45.2114806],[20.0193668,45.2115891],[20.0198391,45.2117357],[20.0200134,45.2118906],[20.0202388,45.2118661],[20.0203031,45.2117375],[20.0206304,45.2117054],[20.0215048,45.2112387],[20.0228941,45.2101881],[20.0244605,45.2093415],[20.0249541,45.2093869],[20.0261021,45.2097081],[20.0277704,45.2102221],[20.028736,45.2104337],[20.0300771,45.2105849],[20.0310802,45.2108079],[20.0313914,45.2110913],[20.0323731,45.2111669],[20.0330651,45.2109477],[20.0340468,45.2110044],[20.0364554,45.210411],[20.0376291,45.2102091],[20.038408,45.2100369],[20.0390249,45.2097686],[20.0398833,45.2092281],[20.04116,45.2087935],[20.0422651,45.2082379],[20.0439173,45.2071079],[20.0450438,45.2062991],[20.0460309,45.20546],[20.0468785,45.2044357],[20.047608,45.2031431],[20.0480318,45.2020583],[20.0482035,45.2010642],[20.0483,45.1997941],[20.0484444,45.1990261],[20.0484663,45.1989096],[20.048359,45.1981233],[20.0481015,45.1971519],[20.0477046,45.1958137],[20.0475061,45.1949215],[20.0473344,45.1940067],[20.0471038,45.1927289],[20.0470287,45.1919464],[20.0469643,45.1906685],[20.046693464578588,45.190644425740324],[20.0467432,45.1909227]]]]}},
{"type":"Feature","properties":{"name":"Тиквара","name:en":"Tikvara","name:sr":"Тиквара","name:sr-Latn":"Tikvara","natural":"water","water":"lake"},"geometry":{"type":"MultiPolygon","coordinates":[[[[20.02145,45.2166184],[20.0219864,45.216437],[20.0226945,45.2165881],[20.0241387,45.2164916],[20.0248487,45.2162534],[20.0260645,45.2158454],[20.0273911,45.2153608],[20.0279367,45.2151349],[20.0291651,45.2145492],[20.0300878,45.2138954],[20.031268,45.2133777],[20.0315631,45.2130867],[20.0321746,45.2124329],[20.0321263,45.2120512],[20.0319654,45.2117224],[20.0323731,45.2111669],[20.0313914,45.2110913],[20.0312064,45.212325],[20.0300181,45.2131698],[20.028457,45.2138274],[20.0271857,45.2144434],[20.0268263,45.2148817],[20.0258693,45.2150277],[20.0248146,45.2154864],[20.0229156,45.2157698],[20.0226087,45.2158475],[20.0221581,45.2158475],[20.0219435,45.2159533],[20.0223083,45.2161044],[20.0215573,45.2164823],[20.0209994,45.216437],[20.02145,45.2166184]]]]}},
{"type":"Feature","properties":{"name":"Шлајз","name:en":"Šlajz","name:sr":"Шлајз","name:sr-Latn":"Šlajz","natural":"water","water":"lake"},"geometry":{"type":"MultiPolygon","coordinates":[[[[20.0142172,45.2091355],[20.0146785,45.2094624],[20.0151721,45.2094171],[20.0160009,45.2096079],[20.0162852,45.2098479],[20.0165832,45.209992],[20.0169075,45.2100407],[20.0171771,45.2100926],[20.0172629,45.2101266],[20.0175565,45.2102429],[20.0175163,45.210498],[20.0176504,45.2107058],[20.0177416,45.2106132],[20.0179562,45.2105169],[20.0185141,45.2112878],[20.0188923,45.2116506],[20.0192007,45.2117092],[20.0193668,45.2115891],[20.0193322,45.2114806],[20.0186068,45.2110285],[20.0182812,45.21046],[20.0184228,45.210071],[20.0182246,45.2096322],[20.0180689,45.208934],[20.0180406,45.2082059],[20.0180179,45.2080376],[20.0180688,45.2078789],[20.0180662,45.2077712],[20.0181949,45.2076994],[20.0182459,45.2076087],[20.0182378,45.2074972],[20.0180447,45.2074953],[20.0177523,45.2075557],[20.017586,45.207671],[20.0174493,45.2077409],[20.017173,45.2077825],[20.0170416,45.2078449],[20.016835,45.2077012],[20.0162691,45.2077693],[20.0167251,45.2075028],[20.0172561,45.2072874],[20.0180849,45.207208],[20.0181922,45.2071098],[20.01827,45.2070304],[20.0183478,45.2070115],[20.0184095,45.2070757],[20.0184739,45.2071854],[20.0185141,45.2073139],[20.0184765,45.2075463],[20.0186777,45.2076011],[20.0189808,45.2075539],[20.0194448,45.2075803],[20.0204614,45.2075077],[20.0207001,45.2073894],[20.0207993,45.2072024],[20.0204399,45.2070398],[20.0201663,45.2070039],[20.0196567,45.2069605],[20.0191525,45.2069548],[20.0187179,45.2069057],[20.0182539,45.2068452],[20.0182003,45.2067091],[20.0178838,45.2066203],[20.0176451,45.2065221],[20.0174885,45.2063408],[20.0170228,45.2064049],[20.0169101,45.2065032],[20.0168699,45.2066014],[20.0168538,45.2066978],[20.0168297,45.2068263],[20.0169772,45.2069246],[20.0168699,45.2070058],[20.0166875,45.2070776],[20.0163791,45.2071154],[20.0163791,45.2072553],[20.0161216,45.2073989],[20.0158963,45.2076483],[20.0155773,45.2075576],[20.015356,45.2076845],[20.0147483,45.2079923],[20.0143701,45.2082549],[20.0142118,45.2084666],[20.0141314,45.2089125],[20.0142172,45.2091355]]]]}},
{"type":"Feature","properties":{"natural":"water","water":"canal"},"geometry":{"type":"MultiPolygon","coordinates":[[[[19.9166662,45.2773203],[19.9167758,45.2770731],[19.916902,45.2767495],[19.9170981,45.2760556],[19.9171268,45.2759541],[19.9171652,45.275818],[19.9174448,45.2746961],[19.9175747,45.2735986],[19.9176658,45.2729377],[19.9180023,45.2721583],[19.9182266,45.2714973],[19.9184859,45.2709892],[19.9187733,45.2706784],[19.9191588,45.2705008],[19.9197756,45.2703183],[19.9204696,45.2702295],[19.9212546,45.2700322],[19.9222289,45.2698201],[19.9233504,45.2694057],[19.9251028,45.2687595],[19.9269182,45.2679258],[19.9283762,45.267171],[19.928958,45.2668799],[19.9292453,45.2667517],[19.9295397,45.2666629],[19.9302968,45.2658834],[19.9310608,45.2639594],[19.9312921,45.2630072],[19.9314533,45.2620106],[19.9314113,45.2612853],[19.9314323,45.2601111],[19.9314884,45.2587987],[19.9313482,45.2578908],[19.9307944,45.2565142],[19.9301776,45.255409],[19.9293785,45.2543974],[19.9285374,45.2534303],[19.927507,45.2523398],[19.9264696,45.2514121],[19.9257056,45.250662],[19.9250389,45.250158],[19.9240681,45.2494524],[19.9235397,45.2490829],[19.9231206,45.2493618],[19.9238724,45.249973],[19.9249419,45.2507663],[19.9254288,45.2511946],[19.9268551,45.252473],[19.9280818,45.2537115],[19.9283201,45.253978],[19.9293785,45.2552017],[19.9299463,45.2561639],[19.930507,45.2572987],[19.9309276,45.2584385],[19.9309627,45.2590454],[19.9309346,45.2608709],[19.9308996,45.2613594],[19.9309136,45.2622869],[19.9307243,45.2633328],[19.9303528,45.2641764],[19.9298622,45.2651138],[19.9296659,45.2656466],[19.9291542,45.2661103],[19.9282851,45.266505],[19.9272547,45.2669539],[19.926007,45.2676446],[19.9246262,45.2681379],[19.9237009,45.2687151],[19.9224392,45.2692133],[19.9205677,45.2697757],[19.9197056,45.2698595],[19.919306,45.269899],[19.9187453,45.2701506],[19.9181214,45.270634],[19.9179812,45.2708905],[19.917785,45.271078],[19.9176658,45.2713937],[19.9176939,45.2716601],[19.9173995,45.2726368],[19.9172593,45.2732928],[19.9172382,45.2738798],[19.9171282,45.274589],[19.9166641,45.2767398],[19.9165471,45.2773492],[19.9166662,45.2773203]]]]}},
{"type":"Feature","properties":{"natural":"water","water":"pond"},"geometry":{"type":"MultiPolygon","coordinates":[[[[19.9218902,45.248565],[19.9222816,45.2485224],[19.9224964,45.248903],[19.9227941,45.2492637],[19.9230562,45.2491635],[19.9232125,45.2490579],[19.9234217,45.2490244],[19.9236819,45.2489276],[19.9237946,45.2487312],[19.9237731,45.2485839],[19.923772,45.2484566],[19.923682,45.2483458],[19.9232649,45.2482884],[19.9225125,45.2483101],[19.9220484,45.2483422],[19.9218714,45.2484347],[19.9218902,45.248565]]]]}},
{"type":"Feature","properties":{"natural":"water","water":"pond"},"geometry":{"type":"MultiPolygon","coordinates":[[[[20.0679694,45.2038518],[20.0682473,45.2038728],[20.068413,45.2038147],[20.0692913,45.2041828],[20.0697418,45.2038888],[20.0699601,45.2038308],[20.0701043,45.2036387],[20.0700521,45.2034565],[20.0698137,45.2034911],[20.0694631,45.2035158],[20.0689932,45.2034417],[20.0686005,45.2033429],[20.06832,45.2033132],[20.0680045,45.2033527],[20.0678151,45.2035108],[20.0678081,45.2037431],[20.0679694,45.2038518]]]]}},
{"type":"Feature","properties":{"natural":"water","water":"pond"},"geometry":{"type":"MultiPolygon","coordinates":[[[[20.0865516,45.2078244],[20.086718,45.2077703],[20.0869313,45.2076351],[20.0870507,45.2076291],[20.087055,45.2077553],[20.0871445,45.2078214],[20.0874048,45.2078695],[20.0876095,45.2078425],[20.0877545,45.2077373],[20.0877545,45.2075269],[20.0877972,45.2073917],[20.0876607,45.2073015],[20.0874389,45.2072504],[20.0872213,45.2072564],[20.0871403,45.2073646],[20.0870678,45.2075269],[20.0869952,45.2075389],[20.0870166,45.2073947],[20.0870976,45.2072474],[20.087136,45.2071152],[20.0870891,45.2069739],[20.0870976,45.2067094],[20.0871659,45.2066133],[20.0871104,45.2065501],[20.0868203,45.206493],[20.0866796,45.2066373],[20.0866156,45.2069018],[20.0865815,45.2070971],[20.0865857,45.2072294],[20.0866284,45.2073346],[20.0863895,45.2075149],[20.0863596,45.2077703],[20.0865516,45.2078244]]]]}},
{"type":"Feature","properties":{"natural":"water","water":"pond"},"geometry":{"type":"MultiPolygon","coordinates":[[[[20.0875242,45.2067305],[20.0876052,45.2068447],[20.0878655,45.2069018],[20.0879892,45.2068988],[20.0880062,45.2068357],[20.0879465,45.2067365],[20.0879977,45.2065862],[20.0878953,45.2065561],[20.087729,45.2065862],[20.0876906,45.206487],[20.0877716,45.2063638],[20.0880787,45.2063037],[20.087874,45.2062947],[20.0876436,45.2063428],[20.0875327,45.2065321],[20.0874048,45.2066794],[20.0875242,45.2067305]]]]}},
{"type":"Feature","properties":{"int_name":"Hagla","intermittent":"yes","name":"Хагла","name:sr":"Хагла","name:sr-Latn":"Hagla","natural":"water","water":"oxbow"},"geometry":{"type":"MultiPolygon","coordinates":[[[[19.7918609,45.2275407],[19.7930528,45.2275315],[19.7942997,45.2275047],[19.7960773,45.2276477],[19.7966778,45.2277008],[19.7971667,45.2276264],[19.7979831,45.2275797],[19.7985849,45.2275507],[19.7988642,45.2275945],[19.7989882,45.2273704],[19.7993595,45.2272126],[19.7993019,45.2271269],[19.7989306,45.227181],[19.7983097,45.2272351],[19.7974907,45.2272221],[19.7974012,45.227179],[19.7968774,45.2271714],[19.7967072,45.2271907],[19.7966817,45.2273683],[19.7963893,45.2273839],[19.7955941,45.2272995],[19.7948594,45.2272216],[19.7944566,45.2271129],[19.7937226,45.2271058],[19.7929102,45.2270589],[19.7918647,45.2270543],[19.7914537,45.2271999],[19.7912348,45.2272854],[19.7912288,45.2274701],[19.7918609,45.2275407]]]]}},
{"type":"Feature","properties":{"natural":"water"},"geometry":{"type":"MultiPolygon","coordinates":[[[[19.6054912,45.2301156],[19.6057036,45.2301619],[19.605902,45.2301396],[19.6075784,45.2302102],[19.6077521,45.2301795],[19.6078633,45.2296203],[19.6078951,45.2295085],[19.6085621,45.2295085],[19.6088717,45.2295253],[19.6088638,45.2294022],[19.6084588,45.2293631],[19.6085462,45.2289157],[19.6085462,45.2288318],[19.6073472,45.228748],[19.6071646,45.2287424],[19.6070375,45.2291618],[19.606974,45.2293519],[19.6064896,45.2296427],[19.6062991,45.2296315],[19.6058703,45.2298049],[19.6054336,45.2299223],[19.605379,45.230003],[19.6054912,45.2301156]]]]}},
{"type":"Feature","properties":{"natural":"water"},"geometry":{"type":"MultiPolygon","coordinates":[[[[19.7389106,45.2341472],[19.7395261,45.2340904],[19.7402052,45.2339021],[19.74178,45.233548],[19.7422196,45.233441],[19.7421865,45.2333268],[19.7420761,45.2332056],[19.7397861,45.2337959],[19.7395535,45.2338841],[19.7386409,45.2339912],[19.7384224,45.233993],[19.738414,45.2340725],[19.7389106,45.2341472]]]]}},
{"type":"Feature","properties":{"intermittent":"yes","natural":"water"},"geometry":{"type":"MultiPolygon","coordinates":[[[[19.7425031,45.2333071],[19.7428136,45.2332031],[19.7443522,45.2329186],[19.7462648,45.232565],[19.746429,45.2324569],[19.7462509,45.2323314],[19.7457558,45.2323965],[19.7442922,45.2326937],[19.7427373,45.2330095],[19.7424268,45.2332139],[19.7425031,45.2333071]]]]}},
{"type":"Feature","properties":{"natural":"water","source":"survey","water":"oxbow"},"geometry":{"type":"MultiPolygon","coordinates":[[[[19.6259307,45.2257546],[19.6267214,45.2261662],[19.6270946,45.2263525],[19.6275344,45.2264998],[19.6284344,45.2269255],[19.628825,45.2272217],[19.6312328,45.2285216],[19.6315447,45.2286742],[19.6347797,45.2302538],[19.6377881,45.2313245],[19.6384351,45.2313701],[19.6388238,45.2311857],[19.6377881,45.2307018],[19.637019,45.2305407],[19.6348713,45.2295224],[19.6305958,45.227573],[19.6290215,45.2269199],[19.6284276,45.2263623],[19.6276539,45.225978],[19.6251096,45.225119],[19.6259307,45.2257546]]]]}},
{"type":"Feature","properties":{"natural":"water","water":"pond"},"geometry":{"type":"MultiPolygon","coordinates":[[[[19.5741819,45.2260732],[19.5744231,45.2260783],[19.5745108,45.2261864],[19.5746862,45.2263202],[19.5748031,45.2261684],[19.5750589,45.2262417],[19.5753183,45.2263196],[19.5757549,45.2261835],[19.5758709,45.2260434],[19.5758193,45.2259013],[19.5755889,45.2258457],[19.5753731,45.2259651],[19.5751319,45.2259342],[19.5747373,45.2258158],[19.5743865,45.2258107],[19.5741015,45.2259136],[19.574065,45.2259908],[19.5741819,45.2260732]]]]}},
{"type":"Feature","properties":{"natural":"water","water":"oxbow"},"geometry":{"type":"MultiPolygon","coordinates":[[[[19.5854011,45.221221],[19.5863398,45.2211097],[19.587678,45.2208609],[19.5884494,45.2206776],[19.5894438,45.2203503],[19.5910051,45.2199379],[19.592715,45.2192309],[19.5941927,45.218596],[19.5969343,45.2176598],[19.5977242,45.2174176],[19.5976254,45.2173493],[19.5971015,45.2173521],[19.5954473,45.2178169],[19.5945737,45.2181443],[19.5929753,45.218812],[19.5917764,45.2193881],[19.5898527,45.2200427],[19.5875572,45.2206907],[19.5865721,45.2208478],[19.5856521,45.220946],[19.5851781,45.22109],[19.5854011,45.221221]]]]}},
{"type":"Feature","properties":{"name":"Бегечка јама","name:en":"Begečka jama","name:sr":"Бегечка јама","name:sr-Latn":"Begečka jama","natural":"water","water":"oxbow"},"geometry":{"type":"MultiPolygon","coordinates":[[[[19.5976083,45.2235125],[19.598078,45.2234684],[19.598767,45.2237992],[19.5995186,45.2243065],[19.6009904,45.224505],[19.6020864,45.2245492],[19.602327,45.2247414],[19.6038303,45.2259422],[19.6039341,45.2267107],[19.6036959,45.2269118],[19.603724,45.2271134],[19.6039961,45.2277034],[19.6041542,45.2277548],[19.6044708,45.2276576],[19.6047266,45.2276137],[19.6049613,45.2275742],[19.6050777,45.2274853],[19.6051341,45.2270631],[19.6052729,45.2269837],[19.6051912,45.2267934],[19.6050858,45.2261707],[19.6047531,45.2257246],[19.6045051,45.2254567],[19.6039312,45.224944],[19.6037454,45.224778],[19.6034878,45.2245489],[19.6027441,45.2238874],[19.6026343,45.2235906],[19.6026769,45.2232729],[19.6029318,45.2230247],[19.6034065,45.2226568],[19.6039654,45.2224758],[19.6061575,45.2220788],[19.6079905,45.2220066],[19.6091163,45.2218685],[19.6101777,45.2219684],[19.6106025,45.2218669],[19.6109246,45.2217756],[19.6108554,45.2215976],[19.6102478,45.2215275],[19.6100785,45.2213576],[19.6101773,45.2211187],[19.6107891,45.2210986],[19.6101484,45.2209313],[19.6096725,45.2208128],[19.6088974,45.2207674],[19.6080947,45.2208184],[19.6065959,45.2212847],[19.6056878,45.22102],[19.6041533,45.2208656],[19.6032729,45.2205622],[19.6030215,45.2204209],[19.6022859,45.2204001],[19.6015126,45.220474],[19.6007097,45.2207843],[19.5991874,45.2217169],[19.5987357,45.2222332],[19.5985164,45.2227405],[19.5971699,45.223336],[19.5976083,45.2235125]]]]}},
{"type":"Feature","properties":{"natural":"water","water":"pond"},"geometry":{"type":"MultiPolygon","coordinates":[[[[19.685504,45.232332],[19.6856934,45.2324604],[19.6860265,45.2323814],[19.686186,45.2322481],[19.6861468,45.2321518],[19.6860288,45.2321188],[19.6860141,45.2320659],[19.6860529,45.232012],[19.6861763,45.231978],[19.6862541,45.2319601],[19.6862635,45.2319157],[19.6861912,45.2318184],[19.6859739,45.2317246],[19.6857845,45.2317691],[19.6856232,45.2318234],[19.6855894,45.2319382],[19.6854059,45.2320802],[19.6853848,45.2322135],[19.685504,45.232332]]]]}},
{"type":"Feature","properties":{"basin":"retention","natural":"water","water":"basin"},"geometry":{"type":"MultiPolygon","coordinates":[[[[19.8510668,45.3066103],[19.8518087,45.3064891],[19.8517779,45.3063957],[19.8516355,45.306419],[19.851036,45.3065169],[19.8510668,45.3066103]]]]}},
{"type":"Feature","properties":{"natural":"water","water":"pond"},"geometry":{"type":"MultiPolygon","coordinates":[[[[19.9572379,45.2916677],[19.9576053,45.2918368],[19.9580104,45.2914552],[19.9583572,45.2910736],[19.9583503,45.2910253],[19.9581992,45.2909311],[19.9578731,45.2908224],[19.9571933,45.291559],[19.9572379,45.2916677]]]]}},
{"type":"Feature","properties":{"natural":"water","water":"pond"},"geometry":{"type":"MultiPolygon","coordinates":[[[[19.9580195,45.2907896],[19.9582128,45.2908701],[19.9584494,45.2909783],[19.9586899,45.2907147],[19.9588714,45.2905149],[19.9591553,45.2902181],[19.9591356,45.2901681],[19.959037,45.2901404],[19.9588911,45.2900572],[19.9587294,45.2899906],[19.9586466,45.2900239],[19.958477,45.2901959],[19.9582561,45.2904567],[19.9580077,45.2907175],[19.9580195,45.2907896]]]]}},
{"type":"Feature","properties":{"natural":"water","water":"pond"},"geometry":{"type":"MultiPolygon","coordinates":[[[[19.9190248,45.2800062],[19.9192393,45.2800462],[19.9194042,45.2799817],[19.9195406,45.2798957],[19.9197762,45.2799587],[19.9196781,45.2801936],[19.9193897,45.2801753],[19.9191959,45.2802315],[19.91972,45.2804096],[19.9200371,45.2805276],[19.9201938,45.2805384],[19.9202591,45.2804957],[19.9203361,45.2803937],[19.9204117,45.2803339],[19.9204992,45.2802789],[19.9207167,45.2802279],[19.9208299,45.2801036],[19.9207167,45.280059],[19.9207665,45.2800016],[19.9208526,45.2800016],[19.9209205,45.2799187],[19.920848,45.2798486],[19.9207574,45.2798263],[19.9206578,45.2798773],[19.9203304,45.2798361],[19.920067,45.2798119],[19.9198299,45.279811],[19.9194535,45.2794756],[19.9191504,45.2794239],[19.9191659,45.279533],[19.9190004,45.2796529],[19.9188805,45.2798304],[19.9190248,45.2800062]]]]}},
{"type":"Feature","properties":{"natural":"water","water":"pond"},"geometry":{"type":"MultiPolygon","coordinates":[[[[19.918739,45.2802348],[19.9187562,45.2803049],[19.9189588,45.2803822],[19.9190995,45.2803918],[19.919254,45.2804667],[19.9193227,45.2804498],[19.9194188,45.2804571],[19.9195905,45.280416],[19.9194909,45.2803774],[19.9193811,45.2803677],[19.9192609,45.2803218],[19.9191785,45.2803194],[19.919103,45.2802493],[19.9189244,45.280288],[19.918818,45.2802179],[19.9187081,45.2801817],[19.9185845,45.2802179],[19.918739,45.2802348]]]]}},
{"type":"Feature","properties":{"intermittent":"yes","natural":"water","water":"basin"},"geometry":{"type":"MultiPolygon","coordinates":[[[[19.8573619,45.2782864],[19.8577428,45.2781617],[19.8576757,45.2780602],[19.8572948,45.278185],[19.8573619,45.2782864]]]]}},
{"type":"Feature","properties":{"intermittent":"yes","natural":"water","water":"basin"},"geometry":{"type":"MultiPolygon","coordinates":[[[[19.8578401,45.278122],[19.85805,45.2780522],[19.8579814,45.27795],[19.8577715,45.2780198],[19.8578401,45.278122]]]]}},
{"type":"Feature","properties":{"natural":"water","water":"wastewater"},"geometry":{"type":"MultiPolygon","coordinates":[[[[19.8705536,45.2722452],[19.8705655,45.2722565],[19.870582,45.2722645],[19.8706013,45.2722682],[19.8706207,45.2722674],[19.8706386,45.2722622],[19.8706533,45.2722533],[19.8706632,45.2722416],[19.8706673,45.2722283],[19.8706651,45.2722148],[19.870657,45.2722024],[19.8706432,45.2721922],[19.8706253,45.2721858],[19.8706055,45.2721838],[19.8705859,45.2721866],[19.8705686,45.2721937],[19.8705556,45.2722045],[19.8705484,45.2722176],[19.8705477,45.2722317],[19.8705536,45.2722452]]]]}},
{"type":"Feature","properties":{"natural":"water","water":"wastewater"},"geometry":{"type":"MultiPolygon","coordinates":[[[[19.870414,45.2720379],[19.8704295,45.2720577],[19.8704531,45.2720731],[19.8704823,45.2720825],[19.8705142,45.272085],[19.8705457,45.2720803],[19.8705748,45.2720681],[19.8705966,45.2720499],[19.8706087,45.2720276],[19.8706096,45.2720038],[19.8705992,45.271981],[19.8705788,45.271962],[19.8705507,45.2719488],[19.8705179,45.2719428],[19.8704841,45.2719448],[19.8704531,45.2719545],[19.8704285,45.2719709],[19.8704129,45.271992],[19.8704081,45.2720157],[19.870414,45.2720379]]]]}},
{"type":"Feature","properties":{"intermittent":"yes","natural":"water","water":"basin"},"geometry":{"type":"MultiPolygon","coordinates":[[[[19.870849,45.2723435],[19.8709459,45.2723093],[19.8708003,45.2721048],[19.8707034,45.272139],[19.870849,45.2723435]]]]}},
{"type":"Feature","properties":{"intermittent":"yes","natural":"water","water":"basin"},"geometry":{"type":"MultiPolygon","coordinates":[[[[19.8711059,45.2722111],[19.8711927,45.2721838],[19.871128,45.2720819],[19.8710412,45.2721092],[19.8711059,45.2722111]]]]}},
{"type":"Feature","properties":{"intermittent":"yes","natural":"water","water":"basin"},"geometry":{"type":"MultiPolygon","coordinates":[[[[19.8703442,45.2724632],[19.8704878,45.2724129],[19.8702932,45.2721375],[19.8701496,45.2721877],[19.8703442,45.2724632]]]]}},
{"type":"Feature","properties":{"natural":"water","water":"pond"},"geometry":{"type":"MultiPolygon","coordinates":[[[[19.8699152,45.2187162],[19.8698514,45.2187397],[19.8698788,45.2188702],[19.8700306,45.2188467],[19.8700367,45.218821],[19.8700731,45.2187825],[19.8701825,45.2189408],[19.8701642,45.2190093],[19.8700701,45.219035],[19.8700306,45.2190713],[19.8700215,45.2191205],[19.8700488,45.2192082],[19.8701157,45.2192446],[19.8701703,45.2192318],[19.8702311,45.219296],[19.870304,45.219373],[19.8703799,45.2193216],[19.8703252,45.2191911],[19.8703283,45.2190884],[19.8703677,45.219035],[19.8703981,45.2189793],[19.8703556,45.2189087],[19.8702766,45.218913],[19.8702189,45.2188488],[19.8700215,45.2184958],[19.8700731,45.218468],[19.8700367,45.218421],[19.8699972,45.2184359],[19.8699577,45.2184103],[19.8698241,45.2184531],[19.8699152,45.2187162]]]]}},
{"type":"Feature","properties":{"natural":"water","water":"pond"},"geometry":{"type":"MultiPolygon","coordinates":[[[[19.8706563,45.2196211],[19.870878,45.2195184],[19.8708871,45.2194842],[19.8707838,45.2194158],[19.8706046,45.2195013],[19.8706563,45.2196211]]]]}},
{"type":"Feature","properties":{"natural":"water","water":"pond"},"geometry":{"type":"MultiPolygon","coordinates":[[[[19.8708537,45.2197623],[19.8709387,45.2197367],[19.8709752,45.2196853],[19.8709873,45.2195912],[19.8709417,45.2195484],[19.8707443,45.2196661],[19.8708537,45.2197623]]]]}},
{"type":"Feature","properties":{"natural":"water"},"geometry":{"type":"MultiPolygon","coordinates":[[[[19.8077486,45.421429],[19.8083869,45.4213862],[19.8084357,45.4210309],[19.8083625,45.4208925],[19.8077527,45.4209382],[19.8077182,45.4211836],[19.8077486,45.421429]]]]}},
{"type":"Feature","properties":{"natural":"water"},"geometry":{"type":"MultiPolygon","coordinates":[[[[19.8410334,45.3000366],[19.8412198,45.3000493],[19.8412498,45.3001466],[19.8414773,45.3002213],[19.8415801,45.30028],[19.8417407,45.3004427],[19.8418306,45.3005963],[19.842049,45.3007319],[19.8423124,45.3007816],[19.8425629,45.3006912],[19.8427299,45.3007771],[19.842762,45.3009081],[19.8428648,45.3011882],[19.8429804,45.3013147],[19.8430961,45.3012605],[19.843064,45.3010979],[19.8430126,45.3009081],[19.8429869,45.3006054],[19.8431153,45.3005014],[19.8432502,45.3005692],[19.8434108,45.3007454],[19.8435586,45.3007454],[19.8436935,45.3007003],[19.8438348,45.3005602],[19.8437577,45.3003388],[19.8436036,45.3002032],[19.843353,45.3000722],[19.8430318,45.3000315],[19.8429548,45.2999773],[19.842762,45.2997649],[19.8425565,45.2997017],[19.8423573,45.2997288],[19.8422353,45.2998508],[19.8423638,45.3000451],[19.8424087,45.3002574],[19.8425501,45.3004201],[19.8423766,45.300506],[19.8420233,45.300506],[19.8419141,45.3003704],[19.8417599,45.3001897],[19.8416379,45.300036],[19.8415415,45.299792],[19.8415415,45.2995435],[19.8415736,45.2993402],[19.8416379,45.2992227],[19.8418499,45.2992363],[19.8420297,45.299295],[19.8422353,45.299182],[19.8425372,45.2991052],[19.8427556,45.2990781],[19.8428584,45.2991459],[19.8428969,45.2993357],[19.842852,45.2994848],[19.8429291,45.2995842],[19.8430511,45.2996249],[19.8431475,45.2997152],[19.8432695,45.2998463],[19.8435329,45.2999909],[19.8435393,45.2998282],[19.8435768,45.2994407],[19.8437072,45.2991097],[19.8435087,45.2988305],[19.8434804,45.2987467],[19.8433727,45.2985832],[19.8431572,45.2985752],[19.8431005,45.2983917],[19.8432139,45.2982123],[19.8432876,45.2980567],[19.8433783,45.2980248],[19.8435768,45.2980647],[19.8436335,45.2982123],[19.8436392,45.298292],[19.8438773,45.2983758],[19.8438546,45.2984875],[19.8437696,45.298651],[19.8436222,45.2987866],[19.8436902,45.2989342],[19.843883,45.2990419],[19.8442232,45.2990618],[19.8444614,45.2990818],[19.8445918,45.2988664],[19.8445407,45.2987348],[19.844433,45.298655],[19.8440985,45.2985074],[19.8439737,45.2984596],[19.8440021,45.298316],[19.8443593,45.2982242],[19.8445531,45.298288],[19.8447254,45.2984247],[19.8448933,45.2984092],[19.8452556,45.2982103],[19.8451495,45.2978902],[19.8449993,45.2978218],[19.8447961,45.2978249],[19.8444029,45.2978032],[19.8441996,45.2977566],[19.8440185,45.2977162],[19.8438506,45.2976354],[19.8434574,45.297626],[19.842861,45.2976633],[19.8423926,45.2976167],[19.8422417,45.2977236],[19.8421278,45.297819],[19.8420286,45.2979627],[19.8418964,45.2980473],[19.8417281,45.2983983],[19.8415177,45.2986097],[19.8414245,45.2986816],[19.8414696,45.2987958],[19.8415778,45.2988317],[19.8416586,45.2988399],[19.8416887,45.2989668],[19.8415865,45.2990133],[19.8414422,45.2990767],[19.8412558,45.2991613],[19.8412137,45.2992966],[19.8411777,45.2994066],[19.8411296,45.2994404],[19.8410815,45.299508],[19.8410454,45.2996011],[19.8410574,45.2996856],[19.8409793,45.2997618],[19.8409853,45.2998463],[19.8408831,45.2999436],[19.8410334,45.3000366]]]]}},
{"type":"Feature","properties":{"natural":"water"},"geometry":{"type":"MultiPolygon","coordinates":[[[[19.8408453,45.3017438],[19.8410935,45.3019986],[19.8412077,45.3021086],[19.8414061,45.3021424],[19.8413099,45.3022439],[19.8410695,45.3022565],[19.8410635,45.3023665],[19.8413821,45.3025483],[19.8414542,45.3028527],[19.8416105,45.3028358],[19.8417127,45.3029584],[19.8417488,45.3031529],[19.8415925,45.3033009],[19.8417368,45.3033178],[19.8419832,45.3032544],[19.8421696,45.3032544],[19.8421696,45.3033644],[19.8422807,45.3035018],[19.8423733,45.3036848],[19.8425695,45.3038753],[19.842803,45.3039082],[19.8429898,45.3040067],[19.8430738,45.3040987],[19.8433447,45.304079],[19.8434755,45.3039936],[19.8434848,45.3037505],[19.8438677,45.3035994],[19.8439892,45.3037833],[19.8439144,45.3039804],[19.8438024,45.3041249],[19.8438771,45.3042038],[19.8441479,45.3041972],[19.8445122,45.304079],[19.8448765,45.3039016],[19.845138,45.3038293],[19.8453995,45.3037176],[19.8455303,45.3035337],[19.8458852,45.3032381],[19.8458198,45.3031067],[19.8456984,45.3028505],[19.8458105,45.3023578],[19.8457731,45.3018914],[19.845689,45.301149],[19.8457731,45.3010176],[19.8457731,45.3000125],[19.8456585,45.2999285],[19.8454369,45.2997694],[19.8453435,45.2991584],[19.8452968,45.2988102],[19.8451473,45.2987642],[19.8450352,45.2989087],[19.8449418,45.2991453],[19.8448858,45.2993883],[19.8449605,45.2994409],[19.8452407,45.2995263],[19.845138,45.29973],[19.8449979,45.2997694],[19.8450352,45.2999665],[19.8449325,45.3001176],[19.8447177,45.3002752],[19.8445682,45.3003541],[19.8445122,45.3004132],[19.8447644,45.3007811],[19.8448951,45.3008337],[19.8452407,45.3005577],[19.8453248,45.3006629],[19.8451006,45.3009651],[19.8450819,45.3011753],[19.8451286,45.3013264],[19.8449979,45.3014052],[19.8445402,45.3015563],[19.8441386,45.3016154],[19.8438958,45.3017337],[19.843737,45.3017468],[19.8437743,45.3011556],[19.8435782,45.3009913],[19.8434568,45.3009519],[19.8433354,45.3010767],[19.8432513,45.301241],[19.8433167,45.3016417],[19.8430552,45.3017271],[19.8426349,45.3016943],[19.8425134,45.30153],[19.8424014,45.301333],[19.8424574,45.301149],[19.8423827,45.3009848],[19.8421492,45.3009519],[19.8420931,45.3012738],[19.8419063,45.3017797],[19.8415327,45.3017665],[19.8415234,45.3016154],[19.8416261,45.3014512],[19.8417476,45.3012541],[19.841869,45.3009256],[19.8415888,45.30063],[19.8414207,45.3007811],[19.8411498,45.3007286],[19.8410564,45.3005512],[19.8412245,45.3004526],[19.8413179,45.3003147],[19.8410755,45.3001804],[19.8409432,45.3002269],[19.8408591,45.3003707],[19.840841,45.3005483],[19.8408651,45.3007555],[19.8408591,45.3010641],[19.8408531,45.3012967],[19.840817,45.3014405],[19.8408453,45.3017438]]]]}},
{"type":"Feature","properties":{"natural":"water"},"geometry":{"type":"MultiPolygon","coordinates":[[[[19.8461093,45.3045388],[19.8465296,45.3044403],[19.8466978,45.3043877],[19.8466511,45.3040921],[19.846511,45.3039147],[19.8462681,45.3035863],[19.8462401,45.303376],[19.8464736,45.3035403],[19.8466884,45.3039147],[19.8468472,45.304033],[19.8468939,45.304368],[19.847006,45.3046636],[19.8469219,45.3048016],[19.8467725,45.3050381],[19.846511,45.3051169],[19.8459599,45.3052023],[19.8457544,45.3053402],[19.8458478,45.3055702],[19.8460626,45.3056753],[19.8466604,45.3057738],[19.8466791,45.3056687],[19.8471928,45.305649],[19.8473329,45.3056096],[19.8474823,45.3054388],[19.8478092,45.3053797],[19.8478466,45.305222],[19.8475477,45.3050381],[19.8471928,45.3046176],[19.8469593,45.3039739],[19.8464269,45.3032709],[19.8460813,45.3027388],[19.8459973,45.3028899],[19.8460813,45.3031855],[19.8460159,45.30356],[19.846156,45.3036914],[19.8462961,45.3039213],[19.8462308,45.3041709],[19.8458945,45.3042235],[19.8454929,45.3043746],[19.8454742,45.3045716],[19.8461093,45.3045388]]]]}},
{"type":"Feature","properties":{"natural":"water"},"geometry":{"type":"MultiPolygon","coordinates":[[[[19.8438287,45.2962693],[19.8441667,45.2962055],[19.8442574,45.2963505],[19.8443398,45.2964664],[19.8445294,45.2964664],[19.8448922,45.2963853],[19.845123,45.2964085],[19.8452302,45.2961417],[19.8451313,45.2960083],[19.8450406,45.2957589],[19.8446943,45.2955037],[19.8444882,45.2954283],[19.8442574,45.2955965],[19.8443233,45.2956893],[19.8446284,45.2957357],[19.8445707,45.2958343],[19.8441172,45.2958575],[19.8438204,45.2959329],[19.843705,45.2961533],[19.8438287,45.2962693]]]]}},
{"type":"Feature","properties":{"natural":"water","water":"pond"},"geometry":{"type":"MultiPolygon","coordinates":[[[[19.80765,45.2567987],[19.8076698,45.2568142],[19.8076992,45.2568197],[19.8077246,45.2568146],[19.8078609,45.2567518],[19.8078591,45.2567462],[19.8077649,45.2567524],[19.8077365,45.2567512],[19.807714,45.2567412],[19.8077019,45.2567273],[19.8076663,45.2566624],[19.8076577,45.2566617],[19.8076449,45.2567797],[19.80765,45.2567987]]]]}},
{"type":"Feature","properties":{"name":"Шодрош","name:en":"Šodroš","name:sr":"Шодрош","name:sr-Latn":"Šodroš","natural":"water","water":"river"},"geometry":{"type":"MultiPolygon","coordinates":[[[[19.8062522,45.2277385],[19.8063207,45.2278206],[19.8080007,45.2281317],[19.8097117,45.2284739],[19.8112362,45.2290339],[19.8126361,45.2291894],[19.8140672,45.2292828],[19.8153739,45.2296561],[19.8167427,45.2301228],[19.8183916,45.2305272],[19.8195427,45.2307761],[19.8203069,45.2305358],[19.8207635,45.2305788],[19.821596,45.2309005],[19.8221249,45.2312124],[19.82309,45.2314756],[19.8231799,45.2314604],[19.8233273,45.2314602],[19.8234877,45.2315002],[19.8237133,45.2315984],[19.823883,45.231652],[19.8241941,45.2316995],[19.8243592,45.2317505],[19.8244749,45.2317766],[19.8245618,45.2317807],[19.8246748,45.2317911],[19.8247597,45.2317913],[19.8248285,45.2317913],[19.8249311,45.231791],[19.8250218,45.2317859],[19.8251008,45.2317902],[19.8251971,45.2317937],[19.8252867,45.2317804],[19.825371,45.2317632],[19.8254179,45.2317425],[19.825461,45.2316983],[19.825513,45.2316015],[19.8255316,45.2315282],[19.825552,45.2314654],[19.825565,45.2314196],[19.8255966,45.2313829],[19.8256524,45.231379],[19.8257081,45.2313947],[19.8258066,45.2314301],[19.8259032,45.2314523],[19.8260239,45.231473],[19.8261132,45.2314732],[19.826234,45.2314667],[19.8263251,45.2314392],[19.8264068,45.2314052],[19.8264533,45.2313633],[19.8265146,45.2313267],[19.8265658,45.2312906],[19.826654,45.2312416],[19.8267265,45.2311762],[19.8267748,45.2310963],[19.8268008,45.2310073],[19.8268231,45.230972],[19.826877,45.2309484],[19.8269309,45.2309301],[19.8269736,45.2309026],[19.8270108,45.2308634],[19.827056,45.2308102],[19.827109,45.2307649],[19.8271264,45.230729],[19.8271425,45.2306794],[19.8271251,45.230627],[19.8271278,45.2305684],[19.8271324,45.2305287],[19.8271331,45.2304792],[19.8271559,45.2304376],[19.8271385,45.2303866],[19.827105,45.2303441],[19.8270862,45.2303063],[19.8270687,45.2302572],[19.8270312,45.2301996],[19.8270218,45.2301552],[19.8270352,45.2301146],[19.8270419,45.2300683],[19.8270661,45.2300239],[19.827113,45.2300048],[19.8271669,45.2299813],[19.8272059,45.2299446],[19.8272534,45.2298828],[19.827284,45.2298438],[19.827323,45.2297928],[19.8273509,45.2297614],[19.8274039,45.2297228],[19.8274642,45.2296776],[19.827533,45.2296174],[19.8275925,45.2295559],[19.8276389,45.2295062],[19.827689,45.2294559],[19.8277114,45.2294303],[19.8277672,45.2293923],[19.8278489,45.2293544],[19.8278917,45.2293177],[19.8279809,45.2292536],[19.8281314,45.2291816],[19.8282671,45.2291253],[19.8284254,45.2290909],[19.828793,45.2290376],[19.8291012,45.2290033],[19.8293653,45.2289866],[19.8298454,45.2289103],[19.8304427,45.2288864],[19.8309647,45.2287899],[19.8314384,45.2286482],[19.8315369,45.2286036],[19.8316021,45.2285651],[19.8316631,45.2285013],[19.8316747,45.228465],[19.8317053,45.228443],[19.8317638,45.228438],[19.8317071,45.2283902],[19.8316439,45.2284046],[19.8315777,45.2283947],[19.8315472,45.228367],[19.8315001,45.2283445],[19.8313798,45.2283306],[19.8304625,45.2283495],[19.830213,45.2283608],[19.8297781,45.2283806],[19.8294212,45.2284647],[19.8289381,45.2285983],[19.8281658,45.2285537],[19.8275539,45.22859],[19.8274137,45.2285983],[19.8269781,45.2288472],[19.8267603,45.2291272],[19.826613,45.229357],[19.8267463,45.2295673],[19.8267603,45.2297183],[19.8264181,45.2300917],[19.8258581,45.2304028],[19.8257337,45.2306828],[19.8252359,45.2307139],[19.8248937,45.2305272],[19.8245515,45.2301539],[19.8237737,45.2300917],[19.8224982,45.2300605],[19.8203612,45.2299263],[19.8187347,45.2296368],[19.8164316,45.2291583],[19.8147828,45.2289095],[19.8140672,45.2287539],[19.8136939,45.2284428],[19.8125117,45.2283495],[19.8115726,45.227985],[19.8109251,45.2280695],[19.8102157,45.227919],[19.8098984,45.2278517],[19.8090273,45.2277584],[19.808374,45.2275717],[19.8075962,45.2275717],[19.8068807,45.2272606],[19.805854,45.2272606],[19.8062522,45.2277385]]]]}},
{"type":"Feature","properties":{"natural":"water","water":"pond"},"geometry":{"type":"MultiPolygon","coordinates":[[[[19.7409627,45.2330101],[19.7410431,45.2330346],[19.7411182,45.2330516],[19.741416,45.2330365],[19.7415367,45.2330195],[19.741601,45.2330006],[19.7416332,45.2329912],[19.74166,45.2329685],[19.7416627,45.2329175],[19.7414374,45.2328684],[19.741373,45.2328665],[19.7411853,45.2328779],[19.7410485,45.2329213],[19.740968,45.232944],[19.7409493,45.232978],[19.7409627,45.2330101]]]]}},
{"type":"Feature","properties":{"natural":"water","water":"pond"},"geometry":{"type":"MultiPolygon","coordinates":[[[[19.9866193,45.2770894],[19.9866289,45.2770935],[19.9866411,45.2770943],[19.9866513,45.2770928],[19.9866675,45.2770843],[19.9866756,45.2770764],[19.9866807,45.2770649],[19.9866889,45.2770514],[19.9866858,45.2770399],[19.9866787,45.277032],[19.9866675,45.2770285],[19.9866523,45.2770306],[19.9866462,45.2770378],[19.9866391,45.2770492],[19.9866269,45.2770599],[19.9866167,45.2770678],[19.9866152,45.2770746],[19.9866136,45.2770814],[19.9866193,45.2770894]]]]}},
{"type":"Feature","properties":{"natural":"water","water":"pond"},"geometry":{"type":"MultiPolygon","coordinates":[[[[19.9803392,45.2836251],[19.9803463,45.2836699],[19.9803746,45.2836886],[19.9804347,45.2836662],[19.980463,45.2836662],[19.9804896,45.2836761],[19.9805232,45.2836674],[19.9805374,45.2836475],[19.9805268,45.2836263],[19.980502,45.2835852],[19.9804949,45.2835479],[19.980479,45.2835081],[19.9804418,45.2834769],[19.9803746,45.2834757],[19.9803604,45.2834944],[19.9803516,45.2835354],[19.9803339,45.2835828],[19.9803392,45.2836251]]]]}},
{"type":"Feature","properties":{"natural":"water","water":"river"},"geometry":{"type":"MultiPolygon","coordinates":[[[[19.6629772,45.2334176],[19.6629878,45.233465],[19.6630621,45.2334725],[19.66314,45.2334052],[19.6632426,45.2333404],[19.6633028,45.233298],[19.6635505,45.2331883],[19.6637169,45.2330936],[19.6641097,45.2328518],[19.6643292,45.2327546],[19.6644601,45.2327123],[19.6646197,45.2326489],[19.6654803,45.2321577],[19.6656493,45.2320418],[19.6656953,45.2320044],[19.665805,45.2319471],[19.6658722,45.2318997],[19.6658935,45.2318798],[19.6658935,45.2318474],[19.6658475,45.2318125],[19.6657802,45.2317926],[19.6656917,45.2317826],[19.6656493,45.2317577],[19.6656245,45.2317352],[19.6656121,45.2316968],[19.6654433,45.2317687],[19.6655384,45.2317784],[19.6655814,45.231801],[19.6655894,45.2318558],[19.6656162,45.2319332],[19.6655438,45.2319748],[19.6653507,45.2320806],[19.6652568,45.2321221],[19.6651629,45.2321486],[19.6651147,45.2321977],[19.6650905,45.2322638],[19.6650422,45.2323072],[19.664774,45.2324867],[19.6645272,45.2326057],[19.6644226,45.2326454],[19.6640525,45.2328267],[19.6638621,45.232906],[19.6637735,45.2329665],[19.6634812,45.2331251],[19.663331,45.2332007],[19.6629736,45.2333827],[19.6629772,45.2334176]]]]}},
{"type":"Feature","properties":{"amenity":"fountain","drinking_water":"no","fountain":"jet_water","lit":"yes","natural":"water"},"geometry":{"type":"MultiPolygon","coordinates":[[[[19.8454218,45.2560416],[19.8454781,45.2559958],[19.8454131,45.2559562],[19.8453568,45.2560021],[19.8454218,45.2560416]]]]}},
{"type":"Feature","properties":{"natural":"water"},"geometry":{"type":"MultiPolygon","coordinates":[[[[19.9123387,45.2358379],[19.912554,45.2365822],[19.9127832,45.2369918],[19.9129846,45.2370233],[19.913102,45.2368323],[19.9130601,45.2365448],[19.913102,45.2360368],[19.9133788,45.2355308],[19.913239,45.2348652],[19.9130405,45.2348475],[19.9123135,45.2351704],[19.9121877,45.2353831],[19.9123387,45.2358379]]]]}},
{"type":"Feature","properties":{"natural":"water"},"geometry":{"type":"MultiPolygon","coordinates":[[[[19.9122416,45.2308528],[19.9125212,45.2313352],[19.9130636,45.2317566],[19.9135026,45.2318196],[19.913799,45.2311363],[19.9140842,45.2308902],[19.9139556,45.2294586],[19.9135362,45.2296831],[19.9133516,45.2303349],[19.9130329,45.2302482],[19.9124093,45.2296279],[19.9122248,45.2292794],[19.9120486,45.2293838],[19.9122416,45.2308528]]]]}},
{"type":"Feature","properties":{"natural":"water"},"geometry":{"type":"MultiPolygon","coordinates":[[[[19.9085554,45.2351353],[19.908463,45.2372877],[19.9086169,45.2373411],[19.9088821,45.237216],[19.9089365,45.2359406],[19.9089957,45.2348352],[19.9086595,45.2336181],[19.9083778,45.2338315],[19.9085554,45.2351353]]]]}},
{"type":"Feature","properties":{"natural":"water"},"geometry":{"type":"MultiPolygon","coordinates":[[[[19.9109048,45.2327378],[19.9110564,45.2327228],[19.9106136,45.2314189],[19.9104479,45.2312489],[19.9103129,45.2313639],[19.9109048,45.2327378]]]]}},
{"type":"Feature","properties":{"natural":"water"},"geometry":{"type":"MultiPolygon","coordinates":[[[[19.9137285,45.227502],[19.9140419,45.2276386],[19.9143696,45.2274827],[19.9142661,45.2271649],[19.9140749,45.2267619],[19.9136222,45.2269108],[19.9137285,45.227502]]]]}},
{"type":"Feature","properties":{"intermittent":"yes","natural":"water","water":"basin"},"geometry":{"type":"MultiPolygon","coordinates":[[[[19.8807352,45.2942107],[19.8810961,45.2939953],[19.8810186,45.2939311],[19.8806577,45.2941464],[19.8807352,45.2942107]]]]}},
{"type":"Feature","properties":{"intermittent":"yes","natural":"water","water":"basin"},"geometry":{"type":"MultiPolygon","coordinates":[[[[19.8798209,45.2947295],[19.8801818,45.2945141],[19.8801044,45.2944498],[19.8797434,45.2946652],[19.8798209,45.2947295]]]]}},
{"type":"Feature","properties":{"intermittent":"yes","natural":"water","water":"basin"},"geometry":{"type":"MultiPolygon","coordinates":[[[[19.8797643,45.2937454],[19.8801252,45.29353],[19.8800478,45.2934658],[19.8796868,45.2936811],[19.8797643,45.2937454]]]]}},
{"type":"Feature","properties":{"intermittent":"yes","natural":"water","water":"basin"},"geometry":{"type":"MultiPolygon","coordinates":[[[[19.8774446,45.2961009],[19.8778056,45.2958855],[19.8777281,45.2958213],[19.8773671,45.2960366],[19.8774446,45.2961009]]]]}},
{"type":"Feature","properties":{"intermittent":"yes","natural":"water","water":"basin"},"geometry":{"type":"MultiPolygon","coordinates":[[[[19.8766293,45.2954368],[19.8769902,45.2952214],[19.8769127,45.2951571],[19.8765517,45.2953725],[19.8766293,45.2954368]]]]}},
{"type":"Feature","properties":{"amenity":"fountain","fountain":"decorative","natural":"water"},"geometry":{"type":"MultiPolygon","coordinates":[[[[19.8418715,45.2418381],[19.8418691,45.2418571],[19.841879,45.2418756],[19.8419048,45.2418912],[19.8419396,45.2418949],[19.8419693,45.2418861],[19.8419866,45.2418713],[19.8420184,45.2418806],[19.8419968,45.2419174],[19.8420603,45.2419359],[19.842073,45.241915],[19.8420824,45.2418913],[19.842084,45.2418559],[19.8420697,45.2418197],[19.8420581,45.2418046],[19.8420473,45.241794],[19.8420329,45.2417829],[19.8420158,45.2417726],[19.8419873,45.2417605],[19.8419604,45.2418034],[19.841947,45.2418005],[19.8419317,45.2417989],[19.8419116,45.2417996],[19.841897,45.241802],[19.8418767,45.2418085],[19.841865,45.2418145],[19.8418458,45.2418314],[19.8418715,45.2418381]]]]}},
{"type":"Feature","properties":{"intermittent":"yes","natural":"water","water":"basin"},"geometry":{"type":"MultiPolygon","coordinates":[[[[19.8046293,45.287037],[19.8047221,45.2870576],[19.8048002,45.2870267],[19.80481,45.286958],[19.8048148,45.2868069],[19.8047904,45.2865218],[19.8045171,45.2857902],[19.8044341,45.2857593],[19.8041412,45.2858245],[19.8040679,45.2858623],[19.8040435,45.2859791],[19.8046293,45.287037]]]]}},
{"type":"Feature","properties":{"natural":"water","water":"pond"},"geometry":{"type":"MultiPolygon","coordinates":[[[[19.808066,45.2560798],[19.8081605,45.2560593],[19.8081834,45.2560574],[19.8082085,45.2560637],[19.8082274,45.2560787],[19.8082788,45.2561346],[19.8082862,45.2561321],[19.808272,45.2560179],[19.808262,45.2560006],[19.8082376,45.2559878],[19.808208,45.2559865],[19.8081837,45.2559954],[19.8080599,45.2560754],[19.808066,45.2560798]]]]}},
{"type":"Feature","properties":{"amenity":"fountain","drinking_water":"no","fountain":"decorative","natural":"water"},"geometry":{"type":"MultiPolygon","coordinates":[[[[19.8087275,45.2558601],[19.8087699,45.2558162],[19.8088269,45.2557815],[19.8088946,45.2557582],[19.8089686,45.2557479],[19.8090438,45.2557513],[19.8091153,45.2557681],[19.8091277,45.2557518],[19.80905,45.2557337],[19.8089683,45.2557303],[19.8088882,45.2557418],[19.808815,45.2557676],[19.8087537,45.2558057],[19.8087085,45.2558538],[19.8087275,45.2558601]]]]}},
{"type":"Feature","properties":{"amenity":"fountain","drinking_water":"no","fountain":"decorative","natural":"water"},"geometry":{"type":"MultiPolygon","coordinates":[[[[19.8086624,45.2560709],[19.8086989,45.2561224],[19.808753,45.2561656],[19.8088211,45.2561975],[19.8088318,45.2561806],[19.8087689,45.2561514],[19.8087187,45.2561117],[19.8086847,45.2560644],[19.808669,45.2560124],[19.8086728,45.2559594],[19.8086958,45.2559089],[19.808677,45.2559023],[19.8086511,45.2559569],[19.8086461,45.2560144],[19.8086624,45.2560709]]]]}},
{"type":"Feature","properties":{"natural":"water"},"geometry":{"type":"MultiPolygon","coordinates":[[[[19.8598342,45.2331112],[19.8601323,45.2329348],[19.8601106,45.2329165],[19.8598125,45.2330929],[19.8598342,45.2331112]]]]}},
{"type":"Feature","properties":{"natural":"water"},"geometry":{"type":"MultiPolygon","coordinates":[[[[19.8433243,45.2446644],[19.8433806,45.2446588],[19.8432345,45.2446213],[19.8432152,45.2446366],[19.8433243,45.2446644]]]]}},
{"type":"Feature","properties":{"natural":"water"},"geometry":{"type":"MultiPolygon","coordinates":[[[[19.8429119,45.2445556],[19.8429318,45.2445402],[19.8428238,45.2445125],[19.8428038,45.2445281],[19.8429119,45.2445556]]]]}},
{"type":"Feature","properties":{"natural":"water"},"geometry":{"type":"MultiPolygon","coordinates":[[[[19.8424966,45.2444503],[19.8425172,45.2444345],[19.8424092,45.2444068],[19.8423886,45.2444227],[19.8424966,45.2444503]]]]}},
{"type":"Feature","properties":{"natural":"water"},"geometry":{"type":"MultiPolygon","coordinates":[[[[19.840346,45.3134264],[19.8404292,45.3134567],[19.8405401,45.3134372],[19.8406079,45.3133809],[19.840651,45.3132747],[19.840688,45.3132205],[19.840725,45.313201],[19.8407527,45.3131599],[19.840879,45.3129822],[19.8407558,45.3129519],[19.8406726,45.3129844],[19.8405771,45.3130429],[19.8405432,45.3131209],[19.8404785,45.3131902],[19.8404076,45.3133007],[19.840346,45.3133635],[19.840346,45.3134264]]]]}},
{"type":"Feature","properties":{"intermittent":"yes","natural":"water","water":"basin"},"geometry":{"type":"MultiPolygon","coordinates":[[[[19.8403551,45.2367394],[19.8403668,45.2367162],[19.8403669,45.23671],[19.8403666,45.2367064],[19.840363,45.2367021],[19.8403556,45.2366982],[19.8403366,45.2366932],[19.8403177,45.23673],[19.8403551,45.2367394]]]]}},
{"type":"Feature","properties":{"natural":"water","water":"pond"},"geometry":{"type":"MultiPolygon","coordinates":[[[[19.7039027,45.3246703],[19.7039556,45.3246703],[19.7046874,45.3246103],[19.7048175,45.3246132],[19.7049354,45.3246446],[19.7051468,45.3246217],[19.705224,45.3246017],[19.7050492,45.3243902],[19.7050045,45.324353],[19.704476,45.3244073],[19.7043703,45.3243902],[19.7038946,45.3240586],[19.7036303,45.3242244],[19.7039027,45.3246703]]]]}},
{"type":"Feature","properties":{"natural":"water"},"geometry":{"type":"MultiPolygon","coordinates":[[[[19.784175794176413,45.167149973703793],[19.7845585,45.167417],[19.7851754,45.167678],[19.7854382,45.1676704],[19.7859103,45.167538],[19.7866506,45.1674132],[19.7871066,45.1673754],[19.7873104,45.1674738],[19.7876269,45.1674397],[19.7878468,45.16733],[19.7883833,45.16733],[19.7891128,45.1673754],[19.7899443,45.1674813],[19.7904325,45.1675229],[19.7907127,45.1675069],[19.7907798,45.1674653],[19.7907248,45.1672904],[19.790639,45.1672081],[19.7905451,45.1672336],[19.7904941,45.1672138],[19.7902555,45.1668837],[19.7898209,45.1668724],[19.7895554,45.1667268],[19.7889734,45.1666777],[19.788402,45.1667079],[19.7882304,45.1668346],[19.7878898,45.1669027],[19.7875572,45.1667968],[19.7868491,45.1667665],[19.7866023,45.1669253],[19.7864199,45.166914],[19.7859639,45.1667778],[19.7851217,45.1667211],[19.7842312,45.1669178],[19.784200281075346,45.166939592157668],[19.784175794176413,45.167149973703793]]]]}},
{"type":"Feature","properties":{"natural":"water","water":"pond"},"geometry":{"type":"MultiPolygon","coordinates":[[[[19.8408373,45.2172734],[19.8408567,45.2172993],[19.8408858,45.2173171],[19.8409091,45.2173199],[19.8409304,45.2173157],[19.8409595,45.2172638],[19.840977,45.2172474],[19.8410061,45.2172323],[19.8410294,45.2172241],[19.8410566,45.2172023],[19.8410372,45.2171544],[19.8410158,45.2171339],[19.8409789,45.2171284],[19.8409382,45.2171312],[19.84088,45.2171571],[19.8408353,45.2172501],[19.8408373,45.2172734]]]]}},
{"type":"Feature","properties":{"natural":"water","water":"pond"},"geometry":{"type":"MultiPolygon","coordinates":[[[[19.8387888,45.2654179],[19.8388109,45.2654314],[19.8388363,45.2654265],[19.8388536,45.2654096],[19.8388463,45.2653661],[19.8388433,45.265337],[19.838861,45.2653173],[19.838889,45.2652935],[19.8389008,45.2652707],[19.8389023,45.2652448],[19.838889,45.2651971],[19.8388875,45.2651753],[19.8388669,45.2651722],[19.8388433,45.2652043],[19.8388271,45.2652302],[19.8388153,45.2653018],[19.8387888,45.2653194],[19.838777,45.2653474],[19.8387711,45.2653941],[19.8387888,45.2654179]]]]}},
{"type":"Feature","properties":{"natural":"water","water":"pond"},"geometry":{"type":"MultiPolygon","coordinates":[[[[19.9171539,45.2767272],[19.9172127,45.2762455],[19.9172031,45.2761713],[19.9172121,45.2759587],[19.9171268,45.2759541],[19.9170981,45.2760556],[19.9170366,45.2764279],[19.9170185,45.276723],[19.9171539,45.2767272]]]]}},
{"type":"Feature","properties":{"natural":"water","water":"pond"},"geometry":{"type":"MultiPolygon","coordinates":[[[[19.8265118,45.3880884],[19.8265423,45.3880941],[19.8265779,45.3880991],[19.8266134,45.3880991],[19.8266551,45.388092],[19.8266876,45.388082],[19.826712,45.3880606],[19.8267222,45.388042],[19.8267232,45.3880256],[19.826709,45.3880063],[19.8266958,45.3879942],[19.8266805,45.3879799],[19.8266734,45.3879706],[19.8266734,45.3879592],[19.8266592,45.3879535],[19.826651,45.3879399],[19.8266449,45.3879264],[19.8266327,45.3879185],[19.8266185,45.3879121],[19.8265972,45.3879099],[19.8265748,45.3879085],[19.8265667,45.3879107],[19.8265565,45.3879164],[19.8265461,45.3879356],[19.8265358,45.3879567],[19.8265245,45.3880071],[19.8265108,45.3880456],[19.8265037,45.388057],[19.8264996,45.3880798],[19.8265118,45.3880884]]]]}},
{"type":"Feature","properties":{"amenity":"fountain","drinking_water":"no","fountain":"decorative","lit":"yes","natural":"water"},"geometry":{"type":"MultiPolygon","coordinates":[[[[19.8426174,45.2544972],[19.8426293,45.2544931],[19.8426358,45.2545023],[19.8426706,45.2544903],[19.842678,45.2545008],[19.8426571,45.2545081],[19.8426623,45.2545155],[19.8426832,45.2545083],[19.8426907,45.254519],[19.8427011,45.2545154],[19.8427258,45.2545069],[19.8427327,45.2545167],[19.842708,45.2545253],[19.8426976,45.2545289],[19.842704,45.2545381],[19.8427144,45.2545345],[19.8427391,45.254526],[19.842745,45.2545344],[19.8427728,45.2545248],[19.8427652,45.254514],[19.8427907,45.2545051],[19.8427848,45.2544967],[19.8427593,45.2545055],[19.8427527,45.254496],[19.8427782,45.2544872],[19.8427703,45.2544759],[19.8427424,45.2544856],[19.8427379,45.254479],[19.8427299,45.2544818],[19.8427227,45.2544715],[19.8427151,45.2544742],[19.8426904,45.2544827],[19.8426836,45.2544731],[19.8426991,45.2544677],[19.8426921,45.2544577],[19.8426626,45.254468],[19.842671,45.2544799],[19.8426412,45.2544902],[19.8426328,45.2544782],[19.8426097,45.2544862],[19.8426174,45.2544972]],[[19.8427017,45.2544924],[19.8427071,45.2545002],[19.8426894,45.2545063],[19.842684,45.2544985],[19.8427017,45.2544924]],[[19.8427168,45.2544891],[19.8427256,45.2545016],[19.8427145,45.2545055],[19.8427058,45.254493],[19.8427168,45.2544891]],[[19.8427434,45.25449],[19.8427488,45.2544978],[19.8427311,45.2545039],[19.8427256,45.2544962],[19.8427434,45.25449]]]]}}
]
}
